configuration_id,fast_window,slow_window,signal_window,neutral_band,symbol,calendar_year,observations,position_eligible_observations,gross_return,net_return,net_annualized_volatility,net_sharpe_ratio,net_max_drawdown,turnover,long_exposure_pct,short_exposure_pct,neutral_exposure_pct
f008_s020_m006_b0p00000,8,20,6,0,SPY,2020,6554,6529,-0.431311761275,-0.504092981874,0.329389652672,-1.96157136598,-0.551972719257,1369,48.5985602696,51.4014397304,0
f008_s020_m006_b0p00000,8,20,6,0,SPY,2021,6540,6540,0.137193345989,-0.00503752883875,0.126960158531,0.0236134152633,-0.133286577333,1336,47.7675840979,52.2324159021,0
f008_s020_m006_b0p00000,8,20,6,0,SPY,2022,6514,6514,-0.120384919183,-0.237443925916,0.226950514715,-1.08783165895,-0.359551262048,1428,48.817930611,51.182069389,0
f008_s020_m006_b0p00000,8,20,6,0,SPY,2023,6476,6476,-0.0265480058414,-0.157790053065,0.128814056528,-1.28433630412,-0.229282770009,1448,50.339715874,49.660284126,0
f008_s020_m006_b0p00000,8,20,6,0,SPY,2024,6516,6516,-0.044731082609,-0.174172077366,0.123721547349,-1.4932844374,-0.205252110067,1456,48.2504604052,51.7495395948,0
f008_s020_m006_b0p00000,8,20,6,0,SPY,2025,6464,6464,-0.29841833562,-0.388265710102,0.194079514342,-2.46920968365,-0.395780488728,1370,48.2827970297,51.7172029703,0
f008_s020_m006_b0p00025,8,20,6,0.00025,SPY,2020,6554,6529,-0.433804605593,-0.498013700847,0.308895560615,-2.07347673998,-0.529086516945,1203,30.6631949763,32.2254556594,37.1113493644
f008_s020_m006_b0p00025,8,20,6,0.00025,SPY,2021,6540,6540,0.274788652447,0.160526547264,0.101249879076,1.52366884579,-0.0692644908986,939,22.9051987768,22.370030581,54.7247706422
f008_s020_m006_b0p00025,8,20,6,0.00025,SPY,2022,6514,6514,-0.0276754339302,-0.143888596367,0.197553193155,-0.692083356144,-0.282555470102,1273,34.3107153823,35.5848940743,30.1043905434
f008_s020_m006_b0p00025,8,20,6,0.00025,SPY,2023,6476,6476,-0.0270100449116,-0.129941725524,0.101486821372,-1.33686387204,-0.200558979481,1118,26.2662137122,25.2933909821,48.4403953057
f008_s020_m006_b0p00025,8,20,6,0.00025,SPY,2024,6516,6516,-0.0760434896494,-0.166313233286,0.0939349306616,-1.89994160288,-0.18915459147,1028,22.1147943524,22.3296500921,55.5555555556
f008_s020_m006_b0p00025,8,20,6,0.00025,SPY,2025,6464,6464,-0.183184435501,-0.265358334733,0.159840157706,-1.87533700403,-0.297679430937,1060,24.4121287129,25.8353960396,49.7524752475
f008_s020_m006_b0p00050,8,20,6,0.0005,SPY,2020,6554,6529,-0.407512368326,-0.457449054528,0.283501809615,-2.01158240724,-0.544310816008,880,19.4823096952,19.7426864757,60.7750038291
f008_s020_m006_b0p00050,8,20,6,0.0005,SPY,2021,6540,6540,0.282961324007,0.217953409513,0.0782138959325,2.56467665805,-0.0373498862954,520,11.8654434251,10.4281345566,77.7064220183
f008_s020_m006_b0p00050,8,20,6,0.0005,SPY,2022,6514,6514,-0.0425121168466,-0.139248168745,0.160605014727,-0.858726970483,-0.226293091448,1065,23.4111145226,22.9198649064,53.6690205711
f008_s020_m006_b0p00050,8,20,6,0.0005,SPY,2023,6476,6476,0.068061324466,0.00114395828474,0.0745804253289,0.0528291529859,-0.083164179118,647,12.4305126621,11.8900555899,75.679431748
f008_s020_m006_b0p00050,8,20,6,0.0005,SPY,2024,6516,6516,0.0208724841423,-0.0285296323197,0.0764265388007,-0.342383131384,-0.0930864347482,496,9.82197667281,8.83977900552,81.3382443217
f008_s020_m006_b0p00050,8,20,6,0.0005,SPY,2025,6464,6464,-0.104040000397,-0.159268097856,0.138541630493,-1.1997129532,-0.228452367746,636,14.2481435644,11.7728960396,73.978960396
f008_s020_m006_b0p00100,8,20,6,0.001,SPY,2020,6554,6529,-0.409115341518,-0.437161576503,0.228110648875,-2.40181588597,-0.469324494161,486,9.14381988053,8.66901516312,82.1871649563
f008_s020_m006_b0p00100,8,20,6,0.001,SPY,2021,6540,6540,0.0586064485455,0.0382709441063,0.0469810940521,0.824351270587,-0.0263931524563,194,3.10397553517,3.04281345566,93.8532110092
f008_s020_m006_b0p00100,8,20,6,0.001,SPY,2022,6514,6514,0.0574738018349,0.0020789927226,0.105727925449,0.0726684012297,-0.0971247761749,538,10.0245624808,8.87319619282,81.1022413264
f008_s020_m006_b0p00100,8,20,6,0.001,SPY,2023,6476,6476,0.0142751545845,-0.00421598221146,0.0385067203601,-0.0917492965719,-0.0344514422399,184,2.26991970352,2.74861025324,94.9814700432
f008_s020_m006_b0p00100,8,20,6,0.001,SPY,2024,6516,6516,0.049284244553,0.0344929923244,0.0386239634812,0.902179565442,-0.0223139906712,142,2.36341313689,2.14855739718,95.4880294659
f008_s020_m006_b0p00100,8,20,6,0.001,SPY,2025,6464,6464,-0.115550254881,-0.138431393602,0.111469158031,-1.29889358961,-0.184467246352,262,4.25433168317,4.20792079208,91.5377475248
f008_s020_m009_b0p00000,8,20,9,0,SPY,2020,6554,6526,-0.381862967185,-0.450212325004,0.329456216788,-1.64815562154,-0.550611880522,1171,48.4983144346,51.5016855654,0
f008_s020_m009_b0p00000,8,20,9,0,SPY,2021,6540,6540,0.173764565978,0.0422731149011,0.126948488534,0.390194152718,-0.123405010352,1188,47.8440366972,52.1559633028,0
f008_s020_m009_b0p00000,8,20,9,0,SPY,2022,6514,6514,-0.0883121412898,-0.192704826361,0.226958685646,-0.835131812441,-0.361036039335,1216,48.2652747928,51.7347252072,0
f008_s020_m009_b0p00000,8,20,9,0,SPY,2023,6476,6476,0.032425722169,-0.0839615899089,0.128740135935,-0.624795973719,-0.190037677295,1196,49.9691167387,50.0308832613,0
f008_s020_m009_b0p00000,8,20,9,0,SPY,2024,6516,6516,-0.0448206256821,-0.153846935464,0.123665462003,-1.29632515823,-0.189783022005,1212,48.0662983425,51.9337016575,0
f008_s020_m009_b0p00000,8,20,9,0,SPY,2025,6464,6464,-0.1591541594,-0.252321042256,0.194117020301,-1.42112779397,-0.264586724598,1174,48.5767326733,51.4232673267,0
f008_s020_m009_b0p00025,8,20,9,0.00025,SPY,2020,6554,6526,-0.324179209665,-0.392367305719,0.309421794993,-1.45245299114,-0.508351391711,1063,34.6766779038,36.9751762182,28.348145878
f008_s020_m009_b0p00025,8,20,9,0.00025,SPY,2021,6540,6540,0.255101691122,0.141578721725,0.107575083209,1.28690830695,-0.0912693602827,948,28.2721712538,28.9143730887,42.8134556575
f008_s020_m009_b0p00025,8,20,9,0.00025,SPY,2022,6514,6514,-0.0426872627155,-0.14616921656,0.207140031618,-0.663648506099,-0.298583884041,1144,38.0411421554,40.2364138778,21.7224439668
f008_s020_m009_b0p00025,8,20,9,0.00025,SPY,2023,6476,6476,-0.0319110538677,-0.128243319919,0.109653223367,-1.21144827251,-0.229974141642,1048,31.3310685608,31.0222359481,37.646695491
f008_s020_m009_b0p00025,8,20,9,0.00025,SPY,2024,6516,6516,-0.0912073302888,-0.179995561679,0.103017252916,-1.88528142801,-0.184618911957,1028,27.1332105586,29.0515653775,43.8152240638
f008_s020_m009_b0p00025,8,20,9,0.00025,SPY,2025,6464,6464,-0.212614057793,-0.289410279104,0.174962048289,-1.89154374429,-0.307405917213,1026,29.5946782178,31.8842821782,38.521039604
f008_s020_m009_b0p00050,8,20,9,0.0005,SPY,2020,6554,6526,-0.324784028097,-0.380887289629,0.292101083991,-1.49236303028,-0.485019978429,867,25.1762182041,25.6972111554,49.1265706405
f008_s020_m009_b0p00050,8,20,9,0.0005,SPY,2021,6540,6540,0.265170612112,0.186612332911,0.0890274163438,1.96995561996,-0.0546057808952,641,16.5902140673,15.9480122324,67.4617737003
f008_s020_m009_b0p00050,8,20,9,0.0005,SPY,2022,6514,6514,-0.135463698942,-0.222961391988,0.17846744859,-1.33241492849,-0.316512904089,1067,28.9069696039,29.8894688364,41.2035615597
f008_s020_m009_b0p00050,8,20,9,0.0005,SPY,2023,6476,6476,0.0524574090667,-0.0252537073433,0.0887655553308,-0.247131971853,-0.112385404576,767,19.1321803582,18.0049413218,62.86287832
f008_s020_m009_b0p00050,8,20,9,0.0005,SPY,2024,6516,6516,-0.0321926141955,-0.0919238555183,0.0863206365136,-1.07987680944,-0.126375924584,637,15.3621853898,14.9938612646,69.6439533456
f008_s020_m009_b0p00050,8,20,9,0.0005,SPY,2025,6464,6464,-0.140012680282,-0.199047614952,0.148941979664,-1.43571318304,-0.260187224025,711,18.75,17.7753712871,63.4746287129
f008_s020_m009_b0p00100,8,20,9,0.001,SPY,2020,6554,6526,-0.315721463295,-0.353521317306,0.249347283485,-1.62161266998,-0.425265167347,568,14.2506895495,13.5611400552,72.1881703953
f008_s020_m009_b0p00100,8,20,9,0.001,SPY,2021,6540,6540,0.187413413787,0.154395322349,0.0620546401186,2.34898983784,-0.0315716816347,282,6.65137614679,5.84097859327,87.5076452599
f008_s020_m009_b0p00100,8,20,9,0.001,SPY,2022,6514,6514,-0.0778027014485,-0.139300241171,0.136014865601,-1.0412375751,-0.214866582405,690,16.3494012895,14.9217070924,68.7288916181
f008_s020_m009_b0p00100,8,20,9,0.001,SPY,2023,6476,6476,0.00996080699051,-0.0234105634689,0.0548297241755,-0.409678394156,-0.0659491839207,336,5.94502779494,6.13032736257,87.9246448425
f008_s020_m009_b0p00100,8,20,9,0.001,SPY,2024,6516,6516,0.00897714656363,-0.0141608311218,0.0612479177838,-0.203246202942,-0.0748062562093,232,5.32535297729,4.11295273174,90.561694291
f008_s020_m009_b0p00100,8,20,9,0.001,SPY,2025,6464,6464,-0.0594777591593,-0.093103446556,0.120742841774,-0.759809958006,-0.198676937288,364,8.18378712871,7.31745049505,84.4987623762
f008_s020_m012_b0p00000,8,20,12,0,SPY,2020,6554,6523,-0.197880951855,-0.279966435517,0.329451681059,-0.829762459016,-0.46850910277,1079,48.8578874751,51.1421125249,0
f008_s020_m012_b0p00000,8,20,12,0,SPY,2021,6540,6540,0.140257522641,0.0222875585457,0.12694315536,0.23740698125,-0.102107832038,1092,48.1039755352,51.8960244648,0
f008_s020_m012_b0p00000,8,20,12,0,SPY,2022,6514,6514,-0.0348562434834,-0.135745241242,0.226970124977,-0.532904092016,-0.317878636418,1104,48.2806263433,51.7193736567,0
f008_s020_m012_b0p00000,8,20,12,0,SPY,2023,6476,6476,0.0193149550815,-0.084674438337,0.128725872815,-0.630995337886,-0.190144290607,1076,49.7683755405,50.2316244595,0
f008_s020_m012_b0p00000,8,20,12,0,SPY,2024,6516,6516,-0.104654812849,-0.197925305855,0.123724081986,-1.73042737523,-0.216378170436,1100,47.8514426028,52.1485573972,0
f008_s020_m012_b0p00000,8,20,12,0,SPY,2025,6464,6464,-0.2382374063,-0.318845874378,0.194154793036,-1.9072645996,-0.340546296196,1118,48.3601485149,51.6398514851,0
f008_s020_m012_b0p00025,8,20,12,0.00025,SPY,2020,6554,6523,-0.0701924040577,-0.153895978134,0.307180238838,-0.388394062256,-0.37680301505,943,36.5016096888,39.1231028668,24.3752874444
f008_s020_m012_b0p00025,8,20,12,0.00025,SPY,2021,6540,6540,0.184395158125,0.0815876702008,0.110511081401,0.766243352514,-0.08822161231,908,30.8103975535,32.0183486239,37.1712538226
f008_s020_m012_b0p00025,8,20,12,0.00025,SPY,2022,6514,6514,-0.102186032088,-0.192167190681,0.205890900029,-0.939456449755,-0.335436642948,1056,39.8986797667,42.3702793982,17.7310408351
f008_s020_m012_b0p00025,8,20,12,0.00025,SPY,2023,6476,6476,-0.0343284873812,-0.12640519451,0.112432863257,-1.159803432,-0.245263280826,1002,34.4811612106,33.9252625077,31.5935762817
f008_s020_m012_b0p00025,8,20,12,0.00025,SPY,2024,6516,6516,-0.0741775485001,-0.162120584379,0.108116759248,-1.59083022162,-0.192759688645,998,29.7728667894,32.9957028852,37.2314303254
f008_s020_m012_b0p00025,8,20,12,0.00025,SPY,2025,6464,6464,-0.166448602304,-0.244430560419,0.18054711473,-1.48307916271,-0.257996533416,982,31.9925742574,35.3032178218,32.7042079208
f008_s020_m012_b0p00050,8,20,12,0.0005,SPY,2020,6554,6523,-0.142191902921,-0.210299979869,0.288552768227,-0.671651879856,-0.365248208181,827,27.977924268,28.8670856968,43.1549900353
f008_s020_m012_b0p00050,8,20,12,0.0005,SPY,2021,6540,6540,0.222378389345,0.144872675008,0.0935909427071,1.49502642827,-0.0639749416062,655,19.9235474006,19.2813455657,60.7951070336
f008_s020_m012_b0p00050,8,20,12,0.0005,SPY,2022,6514,6514,-0.154589838304,-0.23572892932,0.186345087263,-1.35775040942,-0.340368391434,1009,31.6856002456,33.788762665,34.5256370893
f008_s020_m012_b0p00050,8,20,12,0.0005,SPY,2023,6476,6476,0.0638567367949,-0.0149850194845,0.0943628855049,-0.114695873274,-0.117330207733,770,22.9925880173,22.0197652872,54.9876466955
f008_s020_m012_b0p00050,8,20,12,0.0005,SPY,2024,6516,6516,-0.0436592302541,-0.107959773128,0.0915361636545,-1.2090116508,-0.146551645518,696,18.5082872928,18.4315531001,63.0601596071
f008_s020_m012_b0p00050,8,20,12,0.0005,SPY,2025,6464,6464,-0.172138093716,-0.230661386427,0.160710517821,-1.57318802125,-0.269281136737,733,21.6584158416,22.1534653465,56.1881188119
f008_s020_m012_b0p00100,8,20,12,0.001,SPY,2020,6554,6523,-0.220744274555,-0.265402982113,0.266562834361,-1.02115528554,-0.415696588871,590,17.7985589453,16.9860493638,65.2153916909
f008_s020_m012_b0p00100,8,20,12,0.001,SPY,2021,6540,6540,0.231374141743,0.189497860382,0.0704034553856,2.50455519381,-0.0306931541144,346,9.29663608563,8.13455657492,82.5688073394
f008_s020_m012_b0p00100,8,20,12,0.001,SPY,2022,6514,6514,-0.103361644286,-0.167655805135,0.147921996835,-1.17381114141,-0.269343189014,744,19.8342032545,19.0819772797,61.0838194658
f008_s020_m012_b0p00100,8,20,12,0.001,SPY,2023,6476,6476,0.00452591862754,-0.0354434781867,0.0642541105734,-0.536080324515,-0.0763226861215,406,8.81717109327,8.75540457072,82.427424336
f008_s020_m012_b0p00100,8,20,12,0.001,SPY,2024,6516,6516,0.0282710360118,-0.0025171870117,0.0652131214955,-0.00601218829385,-0.0636091932015,304,7.76550030694,6.06200122775,86.1724984653
f008_s020_m012_b0p00100,8,20,12,0.001,SPY,2025,6464,6464,-0.0853421248514,-0.121571520656,0.130246494751,-0.943340941583,-0.206723446898,404,10.9375,9.49876237624,79.5637376238
f008_s026_m006_b0p00000,8,26,6,0,SPY,2020,6554,6523,-0.35076161694,-0.428966348376,0.32938611725,-1.53351642547,-0.515917098246,1283,48.489958608,51.510041392,0
f008_s026_m006_b0p00000,8,26,6,0,SPY,2021,6540,6540,0.130778862738,-0.0086711022501,0.126976460817,-0.00524275167214,-0.130266780866,1316,47.752293578,52.247706422,0
f008_s026_m006_b0p00000,8,26,6,0,SPY,2022,6514,6514,-0.0884254277655,-0.203706596557,0.22694540163,-0.89599931823,-0.358205009409,1352,48.5876573534,51.4123426466,0
f008_s026_m006_b0p00000,8,26,6,0,SPY,2023,6476,6476,0.0278708190533,-0.099242651616,0.128744217373,-0.756972280474,-0.197658660947,1320,49.8455836936,50.1544163064,0
f008_s026_m006_b0p00000,8,26,6,0,SPY,2024,6516,6516,-0.0193699203458,-0.143038763738,0.123698036356,-1.19278056721,-0.178987152502,1348,48.2504604052,51.7495395948,0
f008_s026_m006_b0p00000,8,26,6,0,SPY,2025,6464,6464,-0.248252992855,-0.34110493129,0.194085821041,-2.0814020946,-0.353809044348,1318,48.2518564356,51.7481435644,0
f008_s026_m006_b0p00025,8,26,6,0.00025,SPY,2020,6554,6523,-0.402095151943,-0.468409769272,0.310727619194,-1.87508873776,-0.521746140987,1175,33.0522765599,35.1065460678,31.8411773724
f008_s026_m006_b0p00025,8,26,6,0.00025,SPY,2021,6540,6540,0.266603171738,0.147783637543,0.105353439878,1.36334660911,-0.0864070849037,985,25.9327217125,26.0703363914,47.996941896
f008_s026_m006_b0p00025,8,26,6,0.00025,SPY,2022,6514,6514,-0.0677334567033,-0.178662613465,0.20437268509,-0.866353847297,-0.337584890894,1267,36.6748541603,38.5477433221,24.7774025177
f008_s026_m006_b0p00025,8,26,6,0.00025,SPY,2023,6476,6476,0.0168916071419,-0.0904983508198,0.106039918296,-0.852001140827,-0.191490292208,1116,29.246448425,28.8449660284,41.9085855466
f008_s026_m006_b0p00025,8,26,6,0.00025,SPY,2024,6516,6516,-0.0811007967544,-0.175010181317,0.0996908136905,-1.89043688419,-0.178758454491,1078,25.3222836096,26.3505217925,48.3271945979
f008_s026_m006_b0p00025,8,26,6,0.00025,SPY,2025,6464,6464,-0.178500715399,-0.263503363577,0.167162604217,-1.7707838916,-0.292717126541,1092,27.5371287129,29.6410891089,42.8217821782
f008_s026_m006_b0p00050,8,26,6,0.0005,SPY,2020,6554,6523,-0.333658373704,-0.391774057946,0.291156436637,-1.55901155733,-0.503440768205,912,22.8575808677,23.3941437989,53.7482753334
f008_s026_m006_b0p00050,8,26,6,0.0005,SPY,2021,6540,6540,0.300126604334,0.221966732676,0.0855182869746,2.39114699043,-0.0437233320519,620,14.8623853211,13.4709480122,71.6666666667
f008_s026_m006_b0p00050,8,26,6,0.0005,SPY,2022,6514,6514,-0.0789180425933,-0.175940719185,0.173746368155,-1.03328983011,-0.276504003952,1113,26.634940129,27.1875959472,46.1774639239
f008_s026_m006_b0p00050,8,26,6,0.0005,SPY,2023,6476,6476,0.057816369993,-0.0200957976886,0.0842196107754,-0.201735514803,-0.101582678785,765,16.3063619518,15.6886967264,68.0049413218
f008_s026_m006_b0p00050,8,26,6,0.0005,SPY,2024,6516,6516,-0.0293306387769,-0.0892389095691,0.082246856246,-1.1014421918,-0.122942795459,637,13.167587477,12.3235113567,74.5089011664
f008_s026_m006_b0p00050,8,26,6,0.0005,SPY,2025,6464,6464,-0.161280648958,-0.221046265039,0.14508463394,-1.6724084038,-0.276017624508,739,17.0173267327,15.4548267327,67.5278465347
f008_s026_m006_b0p00100,8,26,6,0.001,SPY,2020,6554,6523,-0.314854903443,-0.352439388599,0.246092890842,-1.63953313086,-0.431169344142,564,12.0343400276,11.5590985743,76.4065613981
f008_s026_m006_b0p00100,8,26,6,0.001,SPY,2021,6540,6540,0.126716934467,0.0971402409593,0.0564964776806,1.67219352593,-0.0268168262368,266,5.30581039755,4.69418960245,90
f008_s026_m006_b0p00100,8,26,6,0.001,SPY,2022,6514,6514,-0.0690021763988,-0.132123713739,0.125199555025,-1.07578635854,-0.188864972018,702,13.8624501075,12.4961621124,73.6413877802
f008_s026_m006_b0p00100,8,26,6,0.001,SPY,2023,6476,6476,0.00999883840169,-0.0180841276546,0.0466388628256,-0.372567231483,-0.0442409264821,282,4.10747374923,4.83323038913,91.0592958616
f008_s026_m006_b0p00100,8,26,6,0.001,SPY,2024,6516,6516,0.0437876427826,0.0216916819011,0.0579598224584,0.401551301332,-0.0564989399201,214,4.17434008594,3.33026396562,92.4953959484
f008_s026_m006_b0p00100,8,26,6,0.001,SPY,2025,6464,6464,-0.119473911878,-0.150794337588,0.120498702705,-1.3143722873,-0.219272528006,362,6.6676980198,6.00247524752,87.3298267327
f008_s026_m009_b0p00000,8,26,9,0,SPY,2020,6554,6520,-0.23523323866,-0.316782588618,0.329435842434,-0.989069952438,-0.492247959163,1127,48.9417177914,51.0582822086,0
f008_s026_m009_b0p00000,8,26,9,0,SPY,2021,6540,6540,0.174537942694,0.0475649634746,0.12690322932,0.430269570755,-0.0870866993634,1144,47.874617737,52.125382263,0
f008_s026_m009_b0p00000,8,26,9,0,SPY,2022,6514,6514,-0.0736565288683,-0.174462428027,0.226969185072,-0.736008287413,-0.331312320784,1152,48.2345716917,51.7654283083,0
f008_s026_m009_b0p00000,8,26,9,0,SPY,2023,6476,6476,0.0201242146585,-0.0901588353657,0.128751289907,-0.678067640746,-0.189855741185,1144,49.8764669549,50.1235330451,0
f008_s026_m009_b0p00000,8,26,9,0,SPY,2024,6516,6516,-0.118604345791,-0.218908736941,0.123773684751,-1.94503966751,-0.235821425831,1208,48.0356046654,51.9643953346,0
f008_s026_m009_b0p00000,8,26,9,0,SPY,2025,6464,6464,-0.182071787374,-0.27036801039,0.194110227594,-1.54876042272,-0.293902959269,1142,48.3756188119,51.6243811881,0
f008_s026_m009_b0p00025,8,26,9,0.00025,SPY,2020,6554,6520,-0.230199740776,-0.304951887368,0.313695342924,-1.00011855303,-0.45819077795,1021,36.9171779141,39.3251533742,23.7576687117
f008_s026_m009_b0p00025,8,26,9,0.00025,SPY,2021,6540,6540,0.183076827034,0.0756372791146,0.11120295631,0.712462467303,-0.0979997215786,952,30.7798165138,32.4464831804,36.7737003058
f008_s026_m009_b0p00025,8,26,9,0.00025,SPY,2022,6514,6514,-0.061680519522,-0.160425532906,0.209774687633,-0.733439271435,-0.302803564578,1112,40.0675468222,42.4777402518,17.454712926
f008_s026_m009_b0p00025,8,26,9,0.00025,SPY,2023,6476,6476,-0.0172371810158,-0.114667418251,0.11268306251,-1.03714602772,-0.233686995723,1044,34.5892526251,34.1723285979,31.238418777
f008_s026_m009_b0p00025,8,26,9,0.00025,SPY,2024,6516,6516,-0.071674064796,-0.163040840051,0.108397788215,-1.59662004583,-0.190956225296,1036,30.0644567219,33.1491712707,36.7863720074
f008_s026_m009_b0p00025,8,26,9,0.00025,SPY,2025,6464,6464,-0.224559415681,-0.301172869222,0.177450196903,-1.95788754504,-0.309483427822,1040,32.3329207921,35.7673267327,31.8997524752
f008_s026_m009_b0p00050,8,26,9,0.0005,SPY,2020,6554,6520,-0.167426706705,-0.237501626651,0.289030558013,-0.791296319651,-0.38469785918,879,27.8374233129,29.217791411,42.9447852761
f008_s026_m009_b0p00050,8,26,9,0.0005,SPY,2021,6540,6540,0.22567414215,0.144520208134,0.0947629943634,1.47444634548,-0.0587066289529,685,20.4587155963,19.4036697248,60.1376146789
f008_s026_m009_b0p00050,8,26,9,0.0005,SPY,2022,6514,6514,-0.143985510124,-0.229234693527,0.187082127623,-1.30617612734,-0.348517763081,1049,31.8391157507,33.9115750691,34.2493091802
f008_s026_m009_b0p00050,8,26,9,0.0005,SPY,2023,6476,6476,0.0537626693598,-0.0288126319116,0.0948875883006,-0.264264935674,-0.134336012365,816,23.30142063,22.3285978999,54.36998147
f008_s026_m009_b0p00050,8,26,9,0.0005,SPY,2024,6516,6516,-0.0449661814636,-0.112913328142,0.0928238660251,-1.25128416458,-0.136382304641,738,19.0454266421,18.9073050952,62.0472682627
f008_s026_m009_b0p00050,8,26,9,0.0005,SPY,2025,6464,6464,-0.183362059094,-0.244879682814,0.158012824915,-1.7224953608,-0.27780511394,783,21.9832920792,22.385519802,55.6311881188
f008_s026_m009_b0p00100,8,26,9,0.001,SPY,2020,6554,6520,-0.238794785755,-0.283713708,0.264698461784,-1.12561072829,-0.401419015881,608,17.8680981595,16.9171779141,65.2147239264
f008_s026_m009_b0p00100,8,26,9,0.001,SPY,2021,6540,6540,0.241056663618,0.197172997407,0.0710864080523,2.57181586976,-0.0294255053227,360,9.5871559633,8.25688073394,82.1559633028
f008_s026_m009_b0p00100,8,26,9,0.001,SPY,2022,6514,6514,-0.0459652473078,-0.118084413534,0.149895155175,-0.768227363383,-0.253706118329,786,20.4329137243,19.4504144919,60.1166717839
f008_s026_m009_b0p00100,8,26,9,0.001,SPY,2023,6476,6476,0.0361539480286,-0.00745551595439,0.0653629707573,-0.0831511739471,-0.0563719844012,430,9.3421865349,9.1723285979,81.4854848672
f008_s026_m009_b0p00100,8,26,9,0.001,SPY,2024,6516,6516,0.0357450526448,0.00272583146184,0.065494464382,0.0747811100434,-0.0639141865808,324,7.8729281768,6.32289748312,85.8041743401
f008_s026_m009_b0p00100,8,26,9,0.001,SPY,2025,6464,6464,-0.0900916403527,-0.129969517127,0.130062780354,-1.01972798011,-0.194375812408,448,11.2933168317,9.97834158416,78.7283415842
f008_s026_m012_b0p00000,8,26,12,0,SPY,2020,6554,6517,0.0482015559571,-0.0537495267819,0.329360032159,-0.00168055801158,-0.322717659231,1023,48.8875249348,51.1124750652,0
f008_s026_m012_b0p00000,8,26,12,0,SPY,2021,6540,6540,0.165660662034,0.0492580928247,0.126889438914,0.443055899373,-0.0953161510376,1052,47.5535168196,52.4464831804,0
f008_s026_m012_b0p00000,8,26,12,0,SPY,2022,6514,6514,-0.00558346798146,-0.102016706013,0.226953026447,-0.363319521897,-0.33835019861,1020,48.2345716917,51.7654283083,0
f008_s026_m012_b0p00000,8,26,12,0,SPY,2023,6476,6476,0.0410633959977,-0.0598913279913,0.128698607491,-0.421138730742,-0.188876903448,1020,50,50,0
f008_s026_m012_b0p00000,8,26,12,0,SPY,2024,6516,6516,-0.0938416544525,-0.185313282929,0.123751207532,-1.60325713613,-0.215564736938,1064,47.8974831185,52.1025168815,0
f008_s026_m012_b0p00000,8,26,12,0,SPY,2025,6464,6464,-0.163374186802,-0.244075516908,0.194124466136,-1.36379952863,-0.279455694896,1014,48.2982673267,51.7017326733,0
f008_s026_m012_b0p00025,8,26,12,0.00025,SPY,2020,6554,6517,0.00741773040094,-0.0803122594448,0.307623968375,-0.116445081744,-0.355506021671,911,38.7448212368,41.0925272365,20.1626515268
f008_s026_m012_b0p00025,8,26,12,0.00025,SPY,2021,6540,6540,0.144863219425,0.0415191587858,0.114568947468,0.41299900187,-0.0944805673536,946,33.3027522936,35.6880733945,31.0091743119
f008_s026_m012_b0p00025,8,26,12,0.00025,SPY,2022,6514,6514,-0.0162260482483,-0.109664794804,0.211542635974,-0.446407926289,-0.310047576064,998,41.2342646607,44.1050046055,14.6607307338
f008_s026_m012_b0p00025,8,26,12,0.00025,SPY,2023,6476,6476,0.00152433213059,-0.0912511318751,0.115339004721,-0.781650481553,-0.227679446692,972,37.2143298332,37.3687461396,25.4169240272
f008_s026_m012_b0p00025,8,26,12,0.00025,SPY,2024,6516,6516,-0.07471572536,-0.160090751307,0.111177471477,-1.52213286135,-0.200338207509,968,32.8882750153,36.6022099448,30.5095150399
f008_s026_m012_b0p00025,8,26,12,0.00025,SPY,2025,6464,6464,-0.163318497758,-0.241892789197,0.183618780042,-1.43672551392,-0.257348387086,986,35.0092821782,38.9542079208,26.036509901
f008_s026_m012_b0p00050,8,26,12,0.0005,SPY,2020,6554,6517,-0.00897899972602,-0.0893061940985,0.296770242092,-0.164872182639,-0.309149559206,845,30.8884456038,32.6377167408,36.4738376554
f008_s026_m012_b0p00050,8,26,12,0.0005,SPY,2021,6540,6540,0.258772294553,0.176370189397,0.0977596306782,1.71348885359,-0.0762605021818,677,23.6085626911,23.4556574924,52.9357798165
f008_s026_m012_b0p00050,8,26,12,0.0005,SPY,2022,6514,6514,-0.0562738734254,-0.142745040041,0.19543754324,-0.694855104552,-0.279868646956,961,34.7712618975,37.3656739331,27.8630641695
f008_s026_m012_b0p00050,8,26,12,0.0005,SPY,2023,6476,6476,0.0140599845143,-0.0633490920726,0.101558833508,-0.601157329245,-0.18618043001,794,26.868437307,26.2662137122,46.8653489809
f008_s026_m012_b0p00050,8,26,12,0.0005,SPY,2024,6516,6516,-0.00661888295229,-0.0795070281567,0.097838668438,-0.802356516128,-0.148505418724,762,22.5905463475,23.3732351136,54.036218539
f008_s026_m012_b0p00050,8,26,12,0.0005,SPY,2025,6464,6464,-0.192004551155,-0.253467340382,0.16730277552,-1.68704136716,-0.280924576666,791,25.1856435644,27.103960396,47.7103960396
f008_s026_m012_b0p00100,8,26,12,0.001,SPY,2020,6554,6517,-0.0888475168673,-0.142434101852,0.275375056342,-0.417961276831,-0.368175566075,606,21.0219426116,20.6383305202,58.3397268682
f008_s026_m012_b0p00100,8,26,12,0.001,SPY,2021,6540,6540,0.246706590965,0.196388450077,0.0784504202894,2.3290393922,-0.0361822304283,412,12.4006116208,11.3302752294,76.2691131498
f008_s026_m012_b0p00100,8,26,12,0.001,SPY,2022,6514,6514,-0.0712921663935,-0.143212186088,0.164667208558,-0.861709911324,-0.296608498419,806,23.6567393307,24.2708013509,52.0724593184
f008_s026_m012_b0p00100,8,26,12,0.001,SPY,2023,6476,6476,0.10561486458,0.0508530728138,0.0745971180735,0.710030616496,-0.0699109162284,508,13.3106856084,12.4613959234,74.2279184682
f008_s026_m012_b0p00100,8,26,12,0.001,SPY,2024,6516,6516,-0.0244398889928,-0.0615698225164,0.0733997316175,-0.833607063712,-0.0784976280701,388,10.8348680172,9.36157151627,79.8035604665
f008_s026_m012_b0p00100,8,26,12,0.001,SPY,2025,6464,6464,-0.183976239073,-0.224408118709,0.142090498151,-1.74156681038,-0.248842660779,508,14.077970297,13.3663366337,72.5556930693
f008_s032_m006_b0p00000,8,32,6,0,SPY,2020,6554,6517,-0.432067952446,-0.499991572573,0.329421115448,-1.93625485221,-0.584165448908,1273,48.6420131963,51.3579868037,0
f008_s032_m006_b0p00000,8,32,6,0,SPY,2021,6540,6540,0.107820229213,-0.0252973265175,0.126988981309,-0.138666776031,-0.131075138167,1280,47.874617737,52.125382263,0
f008_s032_m006_b0p00000,8,32,6,0,SPY,2022,6514,6514,-0.183622190372,-0.285736193651,0.227010732105,-1.37729980925,-0.411193408699,1336,48.4648449493,51.5351550507,0
f008_s032_m006_b0p00000,8,32,6,0,SPY,2023,6476,6476,0.0280523899315,-0.0958370362671,0.128767690592,-0.727160069207,-0.209210659825,1284,49.8147004324,50.1852995676,0
f008_s032_m006_b0p00000,8,32,6,0,SPY,2024,6516,6516,-0.0556413169892,-0.171764701719,0.123741156041,-1.46937202622,-0.210049126902,1312,48.2658072437,51.7341927563,0
f008_s032_m006_b0p00000,8,32,6,0,SPY,2025,6464,6464,-0.189031581504,-0.287778559181,0.194133853546,-1.67464386514,-0.305705139418,1298,48.0352722772,51.9647277228,0
f008_s032_m006_b0p00025,8,32,6,0.00025,SPY,2020,6554,6517,-0.415101037495,-0.479043534193,0.313230653209,-1.92202267977,-0.532031419925,1157,34.2335430413,36.6733159429,29.0931410158
f008_s032_m006_b0p00025,8,32,6,0.00025,SPY,2021,6540,6540,0.236098888571,0.118125911555,0.10788951275,1.09071321326,-0.082707797777,1003,27.7981651376,27.9357798165,44.2660550459
f008_s032_m006_b0p00025,8,32,6,0.00025,SPY,2022,6514,6514,-0.032446675648,-0.14569905035,0.208343342051,-0.655950993188,-0.327667900759,1245,37.7648142462,39.9907890697,22.2443966841
f008_s032_m006_b0p00025,8,32,6,0.00025,SPY,2023,6476,6476,0.0232005442118,-0.0859501080555,0.110169106193,-0.770209020341,-0.195766848182,1128,31.3310685608,30.6670784435,38.0018529957
f008_s032_m006_b0p00025,8,32,6,0.00025,SPY,2024,6516,6516,-0.0469106567711,-0.145684135799,0.103720375813,-1.47442424455,-0.169288592851,1094,26.7495395948,29.4045426642,43.8459177409
f008_s032_m006_b0p00025,8,32,6,0.00025,SPY,2025,6464,6464,-0.175903386721,-0.261027678855,0.168667394803,-1.73332293967,-0.276040064659,1090,28.7902227723,31.6831683168,39.5266089109
f008_s032_m006_b0p00050,8,32,6,0.0005,SPY,2020,6554,6517,-0.303314709475,-0.364645828049,0.294029297196,-1.39258411735,-0.493098389044,921,24.5665183367,25.1956421666,50.2378394967
f008_s032_m006_b0p00050,8,32,6,0.0005,SPY,2021,6540,6540,0.306113587259,0.222323069741,0.0888433637428,2.30820435689,-0.0421009824784,663,16.6513761468,15.3975535168,67.9510703364
f008_s032_m006_b0p00050,8,32,6,0.0005,SPY,2022,6514,6514,-0.134569751155,-0.227436528116,0.181731974803,-1.33713641432,-0.313823739008,1135,28.3389622352,29.5824378262,42.0785999386
f008_s032_m006_b0p00050,8,32,6,0.0005,SPY,2023,6476,6476,0.0788636877525,-0.00399054294701,0.0888045999222,-0.00113563364303,-0.103402305473,799,18.9005558987,18.0358245831,63.0636195182
f008_s032_m006_b0p00050,8,32,6,0.0005,SPY,2024,6516,6516,-0.0608428492335,-0.124607168697,0.0859179283231,-1.51432435503,-0.16049721716,703,15.3928790669,14.5948434622,70.0122774708
f008_s032_m006_b0p00050,8,32,6,0.0005,SPY,2025,6464,6464,-0.134013338462,-0.198927483176,0.150312867563,-1.42035509473,-0.24136201348,779,18.6107673267,17.7599009901,63.6293316832
f008_s032_m006_b0p00100,8,32,6,0.001,SPY,2020,6554,6517,-0.285639869838,-0.326851769398,0.250270802161,-1.45323094265,-0.417271138904,594,14.0095135799,13.1809114623,72.8095749578
f008_s032_m006_b0p00100,8,32,6,0.001,SPY,2021,6540,6540,0.161941849267,0.128278638102,0.061126735901,2.00866048746,-0.0304425950433,294,6.48318042813,5.67278287462,87.8440366972
f008_s032_m006_b0p00100,8,32,6,0.001,SPY,2022,6514,6514,-0.0539562457242,-0.121797082332,0.134576226997,-0.903353276247,-0.199056592911,744,16.1037764814,14.8756524409,69.0205710777
f008_s032_m006_b0p00100,8,32,6,0.001,SPY,2023,6476,6476,0.0265353831558,-0.00916705504402,0.0566437435656,-0.13615354164,-0.0496903700895,354,5.86781964175,6.3156269302,87.816553428
f008_s032_m006_b0p00100,8,32,6,0.001,SPY,2024,6516,6516,0.0186984580641,-0.00724600344549,0.0608606215103,-0.0894603149985,-0.0635685441952,258,5.21792510743,4.20503376304,90.5770411295
f008_s032_m006_b0p00100,8,32,6,0.001,SPY,2025,6464,6464,-0.111216358898,-0.145053758915,0.124828482697,-1.20982895302,-0.225171033223,388,7.93626237624,7.3948019802,84.6689356436
f008_s032_m009_b0p00000,8,32,9,0,SPY,2020,6554,6514,-0.155752326434,-0.241994319682,0.329438395014,-0.673911528725,-0.431002968419,1077,48.9867976666,51.0132023334,0
f008_s032_m009_b0p00000,8,32,9,0,SPY,2021,6540,6540,0.19123637827,0.0671476257255,0.126870137424,0.576602967026,-0.0907538489466,1100,47.7370030581,52.2629969419,0
f008_s032_m009_b0p00000,8,32,9,0,SPY,2022,6514,6514,-0.0553472361833,-0.153420797339,0.226987942565,-0.624423198954,-0.334663939755,1096,48.4034387473,51.5965612527,0
f008_s032_m009_b0p00000,8,32,9,0,SPY,2023,6476,6476,0.0412629297403,-0.0660866766475,0.128725116942,-0.472990247862,-0.179135203622,1088,50,50,0
f008_s032_m009_b0p00000,8,32,9,0,SPY,2024,6516,6516,-0.117683675597,-0.214957354492,0.12375850219,-1.90429617784,-0.232046107991,1168,47.8514426028,52.1485573972,0
f008_s032_m009_b0p00000,8,32,9,0,SPY,2025,6464,6464,-0.23300727388,-0.314168094449,0.194148504726,-1.87160428836,-0.33164860588,1118,48.1590346535,51.8409653465,0
f008_s032_m009_b0p00025,8,32,9,0.00025,SPY,2020,6554,6514,-0.0726531912934,-0.158649427848,0.305875572249,-0.409742050315,-0.401314118816,973,38.2100092109,40.2210623273,21.5689284618
f008_s032_m009_b0p00025,8,32,9,0.00025,SPY,2021,6540,6540,0.174992600808,0.0646632593145,0.113239260116,0.610947945126,-0.0952953825958,986,32.3088685015,34.6177370031,33.0733944954
f008_s032_m009_b0p00025,8,32,9,0.00025,SPY,2022,6514,6514,-0.0462653647382,-0.142014578974,0.210427468383,-0.626790053539,-0.315523875783,1058,40.9886398526,43.3988332822,15.6125268652
f008_s032_m009_b0p00025,8,32,9,0.00025,SPY,2023,6476,6476,-0.0382517143562,-0.134989139038,0.11420204394,-1.22755868563,-0.255532535436,1060,36.2569487338,36.2878319951,27.4552192712
f008_s032_m009_b0p00025,8,32,9,0.00025,SPY,2024,6516,6516,-0.0568857270849,-0.149537999213,0.109900572681,-1.42686816293,-0.196773534476,1034,31.6605279312,35.4358502149,32.9036218539
f008_s032_m009_b0p00025,8,32,9,0.00025,SPY,2025,6464,6464,-0.177617597067,-0.258123690905,0.181492043086,-1.57651941731,-0.274233228453,1030,33.7252475248,37.7939356436,28.4808168317
f008_s032_m009_b0p00050,8,32,9,0.0005,SPY,2020,6554,6514,-0.159406752694,-0.232005698287,0.293771565797,-0.749408481215,-0.373844341887,903,29.8587657353,31.455326988,38.6859072766
f008_s032_m009_b0p00050,8,32,9,0.0005,SPY,2021,6540,6540,0.265775540574,0.17654487855,0.0973617323188,1.72161492366,-0.0679503687289,731,22.4923547401,21.7431192661,55.7645259939
f008_s032_m009_b0p00050,8,32,9,0.0005,SPY,2022,6514,6514,-0.0475568167848,-0.139830091147,0.192386267043,-0.691200194977,-0.289002946332,1019,33.4663801044,35.8305188824,30.7031010132
f008_s032_m009_b0p00050,8,32,9,0.0005,SPY,2023,6476,6476,0.0313142226649,-0.0506432247806,0.0999365105403,-0.476144948897,-0.159946808044,828,25.6022235948,25,49.3977764052
f008_s032_m009_b0p00050,8,32,9,0.0005,SPY,2024,6516,6516,-0.0543601503852,-0.12689484207,0.095845596822,-1.37552979624,-0.150771551707,798,21.2093308778,21.6850828729,57.1055862492
f008_s032_m009_b0p00050,8,32,9,0.0005,SPY,2025,6464,6464,-0.122418813553,-0.191277770645,0.159172626963,-1.27215984108,-0.216977729776,817,23.948019802,25.1547029703,50.8972772277
f008_s032_m009_b0p00100,8,32,9,0.001,SPY,2020,6554,6514,-0.139509802141,-0.19173472094,0.270445920233,-0.64940742473,-0.408121190568,626,19.757445502,19.1280319312,61.1145225668
f008_s032_m009_b0p00100,8,32,9,0.001,SPY,2021,6540,6540,0.262171090635,0.212682149367,0.0758407151741,2.58522418186,-0.03260937806,400,11.1773700306,10.1376146789,78.6850152905
f008_s032_m009_b0p00100,8,32,9,0.001,SPY,2022,6514,6514,-0.0903159046199,-0.162270889161,0.159016094429,-1.040384485,-0.292118292846,824,22.7049431993,22.5207245932,54.7743322076
f008_s032_m009_b0p00100,8,32,9,0.001,SPY,2023,6476,6476,0.0911168027766,0.0401930951456,0.0713544834515,0.594414605506,-0.0609035808634,478,11.5657813465,11.0562075355,77.378011118
f008_s032_m009_b0p00100,8,32,9,0.001,SPY,2024,6516,6516,0.0100885716738,-0.028739526543,0.0695703082686,-0.386449895775,-0.0844445573781,392,9.65316144874,8.16451810927,82.182320442
f008_s032_m009_b0p00100,8,32,9,0.001,SPY,2025,6464,6464,-0.141293086235,-0.182207418749,0.139309901616,-1.39365129834,-0.247532429791,488,13.1652227723,11.6491336634,75.1856435644
f008_s032_m012_b0p00000,8,32,12,0,SPY,2020,6554,6511,-0.0172350308272,-0.108018325577,0.329357400832,-0.180955886369,-0.320264456645,969,48.7789894025,51.2210105975,0
f008_s032_m012_b0p00000,8,32,12,0,SPY,2021,6540,6540,0.208966032938,0.0961060115219,0.126860716693,0.788093946982,-0.0936265287512,980,47.6452599388,52.3547400612,0
f008_s032_m012_b0p00000,8,32,12,0,SPY,2022,6514,6514,0.0693303394952,-0.0262179920159,0.226937422825,-0.00418389605749,-0.326411598038,936,48.4494933988,51.5505066012,0
f008_s032_m012_b0p00000,8,32,12,0,SPY,2023,6476,6476,-0.0343214633419,-0.126580909955,0.128792322546,-0.99874766244,-0.262241573119,1004,49.9073502162,50.0926497838,0
f008_s032_m012_b0p00000,8,32,12,0,SPY,2024,6516,6516,-0.123264695121,-0.208609671577,0.123770768387,-1.83867385084,-0.236359601841,1024,47.9281767956,52.0718232044,0
f008_s032_m012_b0p00000,8,32,12,0,SPY,2025,6464,6464,-0.201444587976,-0.274425445003,0.194142057101,-1.57758283194,-0.297575280841,958,48.422029703,51.577970297,0
f008_s032_m012_b0p00025,8,32,12,0.00025,SPY,2020,6554,6511,0.0945952536353,0.00047069414071,0.321747376993,0.163691983156,-0.257952155855,899,40.0245737982,42.1440638919,17.8313623099
f008_s032_m012_b0p00025,8,32,12,0.00025,SPY,2021,6540,6540,0.193397204735,0.0882832796967,0.114302140842,0.798650852867,-0.0905429688695,922,34.6177370031,37.6911314985,27.6911314985
f008_s032_m012_b0p00025,8,32,12,0.00025,SPY,2022,6514,6514,-0.0216918358872,-0.112126029181,0.215394204378,-0.44755282956,-0.345316846257,970,42.5391464538,45.2870739945,12.1737795517
f008_s032_m012_b0p00025,8,32,12,0.00025,SPY,2023,6476,6476,0.026109552281,-0.0661450395321,0.11747576827,-0.530616641041,-0.211119124009,942,38.9129092032,39.2526250772,21.8344657196
f008_s032_m012_b0p00025,8,32,12,0.00025,SPY,2024,6516,6516,-0.0688943633946,-0.153454705278,0.112041483611,-1.43890735202,-0.214175240534,952,34.4536525476,38.6893799877,26.8569674647
f008_s032_m012_b0p00025,8,32,12,0.00025,SPY,2025,6464,6464,-0.189563165115,-0.263028205801,0.181143419558,-1.61702125131,-0.274920456712,950,36.6027227723,40.8261138614,22.5711633663
f008_s032_m012_b0p00050,8,32,12,0.0005,SPY,2020,6554,6511,-0.0129177514064,-0.0914700075187,0.300107601501,-0.167645257836,-0.279341795518,829,33.0056826908,34.7719244356,32.2223928736
f008_s032_m012_b0p00050,8,32,12,0.0005,SPY,2021,6540,6540,0.189287598008,0.104119609895,0.101406933965,1.02922394913,-0.0775446463621,743,25.4434250765,26.3914373089,48.1651376147
f008_s032_m012_b0p00050,8,32,12,0.0005,SPY,2022,6514,6514,-0.0228450585649,-0.108999724062,0.200408453065,-0.478896315922,-0.293570154112,923,36.1682529936,38.8547743322,24.9769726742
f008_s032_m012_b0p00050,8,32,12,0.0005,SPY,2023,6476,6476,0.0231633787805,-0.0558834984153,0.104447039627,-0.504783219132,-0.186666877701,804,29.1229153799,28.5206917851,42.3563928351
f008_s032_m012_b0p00050,8,32,12,0.0005,SPY,2024,6516,6516,-0.019797055454,-0.0926242786817,0.100902925016,-0.918004559297,-0.171424271132,772,24.6777163904,26.7802332719,48.5420503376
f008_s032_m012_b0p00050,8,32,12,0.0005,SPY,2025,6464,6464,-0.175291063513,-0.240082333954,0.165350377767,-1.60006533502,-0.272171274468,818,27.057549505,29.9040841584,43.0383663366
f008_s032_m012_b0p00100,8,32,12,0.001,SPY,2020,6554,6511,-0.0207424969283,-0.0802729072655,0.282232028657,-0.153215126085,-0.360320640347,627,22.7000460759,22.8229150668,54.4770388573
f008_s032_m012_b0p00100,8,32,12,0.001,SPY,2021,6540,6540,0.211991261735,0.158083664232,0.08206325674,1.83277334911,-0.0411030601526,455,14.2966360856,13.3027522936,72.4006116208
f008_s032_m012_b0p00100,8,32,12,0.001,SPY,2022,6514,6514,-0.0733257329424,-0.146456399297,0.175414842556,-0.820184964328,-0.312036729118,822,26.1129874117,27.4025176543,46.484494934
f008_s032_m012_b0p00100,8,32,12,0.001,SPY,2023,6476,6476,0.0828960386868,0.0220786333219,0.0789867587403,0.319212080487,-0.0842721462301,578,16.0901791229,15.3953057443,68.5145151328
f008_s032_m012_b0p00100,8,32,12,0.001,SPY,2024,6516,6516,-0.0211780686779,-0.0633182257157,0.076804280099,-0.8177499214,-0.10176603376,440,13.0141190915,11.6482504604,75.3376304481
f008_s032_m012_b0p00100,8,32,12,0.001,SPY,2025,6464,6464,-0.172136259537,-0.216767964145,0.145774840163,-1.62574801126,-0.239406032775,554,16.0891089109,15.8879950495,68.0228960396
f012_s020_m006_b0p00000,12,20,6,0,SPY,2020,6554,6529,-0.395938344344,-0.463700076813,0.329527263608,-1.72301915508,-0.578577035505,1189,48.6751416756,51.3248583244,0
f012_s020_m006_b0p00000,12,20,6,0,SPY,2021,6540,6540,0.179748416079,0.0463307569742,0.126944826538,0.420866182139,-0.124376924861,1200,48.0581039755,51.9418960245,0
f012_s020_m006_b0p00000,12,20,6,0,SPY,2022,6514,6514,-0.10133968852,-0.204873618957,0.226937976087,-0.902536300669,-0.36150858059,1224,48.3420325453,51.6579674547,0
f012_s020_m006_b0p00000,12,20,6,0,SPY,2023,6476,6476,0.0544634709324,-0.0651576959941,0.128752805245,-0.465056885813,-0.184943168265,1204,49.7529339098,50.2470660902,0
f012_s020_m006_b0p00000,12,20,6,0,SPY,2024,6516,6516,-0.0447010199519,-0.155771379125,0.123682483481,-1.31464102576,-0.179707673306,1236,48.0816451811,51.9183548189,0
f012_s020_m006_b0p00000,12,20,6,0,SPY,2025,6464,6464,-0.17941472358,-0.271505055899,0.194124008016,-1.55678428121,-0.288581465513,1190,48.6231435644,51.3768564356,0
f012_s020_m006_b0p00025,12,20,6,0.00025,SPY,2020,6554,6529,-0.22512198627,-0.282420215847,0.274837450361,-1.0675536189,-0.412605695581,768,21.5959565018,21.7031704702,56.700873028
f012_s020_m006_b0p00025,12,20,6,0.00025,SPY,2021,6540,6540,0.277486114315,0.214697910089,0.0797017092321,2.48463772482,-0.0424604649482,504,13.3027522936,11.9571865443,74.7400611621
f012_s020_m006_b0p00025,12,20,6,0.00025,SPY,2022,6514,6514,-0.0833913344405,-0.170044769153,0.164286877269,-1.05893135135,-0.270249814446,993,24.9923242247,25.2840036844,49.7236720909
f012_s020_m006_b0p00025,12,20,6,0.00025,SPY,2023,6476,6476,0.0776424792067,0.013566762913,0.0772119925649,0.215187431606,-0.0736336409048,613,13.9283508338,13.5423100679,72.5293390982
f012_s020_m006_b0p00025,12,20,6,0.00025,SPY,2024,6516,6516,-0.0279815854095,-0.0770561233179,0.078756920269,-0.984166282211,-0.113804653904,518,11.4487415592,10.6046654389,77.9465930018
f012_s020_m006_b0p00025,12,20,6,0.00025,SPY,2025,6464,6464,-0.18011864307,-0.229423377039,0.13951483633,-1.82339873761,-0.254615203362,620,15.4857673267,13.8459158416,70.6683168317
f012_s020_m006_b0p00050,12,20,6,0.0005,SPY,2020,6554,6529,-0.350061789581,-0.380040334703,0.237793481002,-1.88824561455,-0.414628992451,472,10.5682340328,10.139378159,79.2923878082
f012_s020_m006_b0p00050,12,20,6,0.0005,SPY,2021,6540,6540,0.120125755412,0.0981686692856,0.0507658721348,1.87338995705,-0.0308323458119,198,4.22018348624,3.91437308869,91.8654434251
f012_s020_m006_b0p00050,12,20,6,0.0005,SPY,2022,6514,6514,-0.0564815457937,-0.108409237944,0.116811879321,-0.92954280653,-0.165481455477,566,11.8974516426,10.3469450414,77.7556033159
f012_s020_m006_b0p00050,12,20,6,0.0005,SPY,2023,6476,6476,-0.000780596864627,-0.0217411623697,0.043071597337,-0.494787477948,-0.0377649444324,212,3.05744286597,3.81408276714,93.1284743669
f012_s020_m006_b0p00050,12,20,6,0.0005,SPY,2024,6516,6516,-0.00201855092593,-0.0186440004261,0.0537450990418,-0.324929847375,-0.0775726453277,168,3.26887661142,2.68569674647,94.0454266421
f012_s020_m006_b0p00050,12,20,6,0.0005,SPY,2025,6464,6464,-0.0817218913077,-0.104759670248,0.113602596976,-0.930336179143,-0.177952017446,254,5.15160891089,4.76485148515,90.083539604
f012_s020_m006_b0p00100,12,20,6,0.001,SPY,2020,6554,6529,-0.33546568228,-0.347336411302,0.193530938357,-2.10398227515,-0.387800471105,180,3.50742839639,3.5380609588,92.9545106448
f012_s020_m006_b0p00100,12,20,6,0.001,SPY,2021,6540,6540,-0.0295257456602,-0.0332088834558,0.0158518674729,-2.12648745254,-0.0402279266546,38,0.290519877676,0.443425076453,99.2660550459
f012_s020_m006_b0p00100,12,20,6,0.001,SPY,2022,6514,6514,0.0829620030948,0.0676978730599,0.0610399687825,1.10997021998,-0.0526309898243,142,2.3180841265,2.44089653055,95.241019343
f012_s020_m006_b0p00100,12,20,6,0.001,SPY,2023,6476,6476,-0.00787286439134,-0.00906344299148,0.00646751164107,-1.42104980727,-0.010737916179,12,0.0926497838172,0.0617665225448,99.8455836936
f012_s020_m006_b0p00100,12,20,6,0.001,SPY,2024,6516,6516,-0.00518716212388,-0.00777076561489,0.0198038614242,-0.386200888951,-0.0158013678738,26,0.383670963781,0.24554941682,99.3707796194
f012_s020_m006_b0p00100,12,20,6,0.001,SPY,2025,6464,6464,-0.00656523600047,-0.01330137327,0.0889066688011,-0.108225154624,-0.0975819469073,68,1.1448019802,1.25309405941,97.6021039604
f012_s020_m009_b0p00000,12,20,9,0,SPY,2020,6554,6526,-0.173322383484,-0.256732346791,0.329454409117,-0.733393089917,-0.451545411169,1063,48.7434875881,51.2565124119,0
f012_s020_m009_b0p00000,12,20,9,0,SPY,2021,6540,6540,0.144799591465,0.030066990487,0.126898922738,0.297299274519,-0.0937329482145,1056,47.8593272171,52.1406727829,0
f012_s020_m009_b0p00000,12,20,9,0,SPY,2022,6514,6514,0.0259000330117,-0.0732101810848,0.22692791215,-0.223440475329,-0.270545694166,1016,48.0657046362,51.9342953638,0
f012_s020_m009_b0p00000,12,20,9,0,SPY,2023,6476,6476,-0.00852434507812,-0.105750812569,0.128752207339,-0.813889441024,-0.207028225549,1032,49.8610253243,50.1389746757,0
f012_s020_m009_b0p00000,12,20,9,0,SPY,2024,6516,6516,-0.0949021032811,-0.184961957153,0.123734365424,-1.59998861905,-0.202130759912,1048,47.6979742173,52.3020257827,0
f012_s020_m009_b0p00000,12,20,9,0,SPY,2025,6464,6464,-0.211403996801,-0.289754940546,0.194154688289,-1.68894264584,-0.317422334269,1046,48.3446782178,51.6553217822,0
f012_s020_m009_b0p00025,12,20,9,0.00025,SPY,2020,6554,6526,-0.0588122777232,-0.12902462141,0.290941333974,-0.327256873673,-0.330650328237,775,27.0456634998,27.7198896721,45.2344468281
f012_s020_m009_b0p00025,12,20,9,0.00025,SPY,2021,6540,6540,0.24678541203,0.17452690551,0.0906851396234,1.82249042056,-0.0596730077671,597,18.9296636086,18.1498470948,62.9204892966
f012_s020_m009_b0p00025,12,20,9,0.00025,SPY,2022,6514,6514,-0.100249146372,-0.180722636672,0.183729745654,-0.999253782563,-0.319163818862,937,30.3653669021,32.6988025791,36.9358305189
f012_s020_m009_b0p00025,12,20,9,0.00025,SPY,2023,6476,6476,0.115153893621,0.0391413943107,0.0914406509002,0.470538717365,-0.0964014983932,706,21.8035824583,20.6454601606,57.5509573811
f012_s020_m009_b0p00025,12,20,9,0.00025,SPY,2024,6516,6516,-0.0604087357989,-0.118488394272,0.0890821300659,-1.37881450567,-0.161646156739,638,17.4800491099,16.8047882136,65.7151626765
f012_s020_m009_b0p00025,12,20,9,0.00025,SPY,2025,6464,6464,-0.189585328356,-0.244008210721,0.158970393743,-1.70373864507,-0.275077980295,695,20.6683168317,20.6528465347,58.6788366337
f012_s020_m009_b0p00050,12,20,9,0.0005,SPY,2020,6554,6526,-0.238527841759,-0.278715025242,0.26187520517,-1.11390303995,-0.405353076565,542,16.8403309838,15.5838185719,67.5758504444
f012_s020_m009_b0p00050,12,20,9,0.0005,SPY,2021,6540,6540,0.227874718958,0.193492250942,0.0685425391089,2.61966839293,-0.0304441094432,284,7.99694189602,7.24770642202,84.755351682
f012_s020_m009_b0p00050,12,20,9,0.0005,SPY,2022,6514,6514,-0.0911843056419,-0.150596959218,0.143993749355,-1.06810743298,-0.256189176469,676,18.4372121584,17.7463923856,63.8163954559
f012_s020_m009_b0p00050,12,20,9,0.0005,SPY,2023,6476,6476,0.00195678749338,-0.0319265676812,0.0610358944516,-0.507320535232,-0.0785841347696,344,7.8906732551,7.39654107474,84.7127856702
f012_s020_m009_b0p00050,12,20,9,0.0005,SPY,2024,6516,6516,0.00668250386576,-0.0197428409432,0.0628937541993,-0.287093316538,-0.0725862878876,266,6.75260896255,5.31000613874,87.9373848987
f012_s020_m009_b0p00050,12,20,9,0.0005,SPY,2025,6464,6464,-0.0383877715352,-0.0725838734726,0.128061985853,-0.532255981267,-0.160090900136,362,9.97834158416,8.66336633663,81.3582920792
f012_s020_m009_b0p00100,12,20,9,0.001,SPY,2020,6554,6526,-0.304243058463,-0.322511731013,0.212515854638,-1.72242921456,-0.370568962654,266,6.22126877107,6.26723873736,87.5114924916
f012_s020_m009_b0p00100,12,20,9,0.001,SPY,2021,6540,6540,0.0117085013164,0.00304405885709,0.0355992532641,0.103332233354,-0.0230689911483,86,1.65137614679,1.63608562691,96.7125382263
f012_s020_m009_b0p00100,12,20,9,0.001,SPY,2022,6514,6514,0.0198628875842,-0.00789362358947,0.0901500293774,-0.0432618302222,-0.0989951464843,276,5.95640159656,5.43444887934,88.6091495241
f012_s020_m009_b0p00100,12,20,9,0.001,SPY,2023,6476,6476,-0.0204501761001,-0.0263131143953,0.0243244138675,-1.09692087781,-0.0386126711827,60,0.77208153181,0.97282273008,98.2550957381
f012_s020_m009_b0p00100,12,20,9,0.001,SPY,2024,6516,6516,0.00392163437323,-0.00228301044993,0.0277158132922,-0.0690669968139,-0.021662890645,62,1.07427869859,1.13566605279,97.7900552486
f012_s020_m009_b0p00100,12,20,9,0.001,SPY,2025,6464,6464,-0.0438027606312,-0.0540771305259,0.103511911696,-0.492385495375,-0.136750910612,108,2.53712871287,2.45977722772,95.0030940594
f012_s020_m012_b0p00000,12,20,12,0,SPY,2020,6554,6523,0.0937526872232,-0.00270197504649,0.329355088189,0.157786445897,-0.274964861939,923,48.3979763912,51.6020236088,0
f012_s020_m012_b0p00000,12,20,12,0,SPY,2021,6540,6540,0.241706484235,0.127598647363,0.126815502497,1.01209631986,-0.0953742525877,964,47.8440366972,52.1559633028,0
f012_s020_m012_b0p00000,12,20,12,0,SPY,2022,6514,6514,-0.125800756577,-0.205203036243,0.227016406989,-0.903944055698,-0.394587310486,952,48.2806263433,51.7193736567,0
f012_s020_m012_b0p00000,12,20,12,0,SPY,2023,6476,6476,-0.0458734086753,-0.131837279557,0.128805567876,-1.04603010893,-0.25722965272,944,49.830142063,50.169857937,0
f012_s020_m012_b0p00000,12,20,12,0,SPY,2024,6516,6516,-0.0526952244966,-0.139072918953,0.123767927874,-1.15452675625,-0.202502801968,956,47.7900552486,52.2099447514,0
f012_s020_m012_b0p00000,12,20,12,0,SPY,2025,6464,6464,-0.150735312142,-0.227414868907,0.194094330094,-1.25022409585,-0.257383081402,946,48.4065594059,51.5934405941,0
f012_s020_m012_b0p00025,12,20,12,0.00025,SPY,2020,6554,6523,0.0542917847321,-0.0218199516199,0.29670596805,0.0758710349744,-0.303643343905,749,30.0781848843,31.4885788748,38.433236241
f012_s020_m012_b0p00025,12,20,12,0.00025,SPY,2021,6540,6540,0.189193118817,0.116246734596,0.0959111697563,1.19666025483,-0.0748217310549,633,22.370030581,22.1406727829,55.4892966361
f012_s020_m012_b0p00025,12,20,12,0.00025,SPY,2022,6514,6514,-0.0594616514942,-0.138950569502,0.193978369831,-0.67864660074,-0.293716167881,883,33.6045440589,36.3217684986,30.0736874424
f012_s020_m012_b0p00025,12,20,12,0.00025,SPY,2023,6476,6476,0.0605349131096,-0.0125480740613,0.097277937833,-0.0826928906174,-0.141809007311,714,25.7103150093,24.8764669549,49.4132180358
f012_s020_m012_b0p00025,12,20,12,0.00025,SPY,2024,6516,6516,0.00954492349284,-0.0547444415381,0.0957272225609,-0.543349067006,-0.132447123823,658,21.2860650706,21.5776550031,57.1362799263
f012_s020_m012_b0p00025,12,20,12,0.00025,SPY,2025,6464,6464,-0.181976578941,-0.236150773374,0.164569625805,-1.57658601508,-0.267412646307,685,23.5457920792,25.2629950495,51.1912128713
f012_s020_m012_b0p00050,12,20,12,0.0005,SPY,2020,6554,6523,0.0101309166318,-0.0420248703213,0.273829576969,-0.0177027148106,-0.335332177774,530,20.1900965813,19.3009351525,60.5089682661
f012_s020_m012_b0p00050,12,20,12,0.0005,SPY,2021,6540,6540,0.223309663081,0.181706048041,0.0746099566522,2.27918136279,-0.043874984181,346,11.0703363914,9.92354740061,79.006116208
f012_s020_m012_b0p00050,12,20,12,0.0005,SPY,2022,6514,6514,-0.0505622348429,-0.113158670879,0.156798396851,-0.691926514898,-0.268207599388,682,22.0141234265,22.4439668407,55.5419097329
f012_s020_m012_b0p00050,12,20,12,0.0005,SPY,2023,6476,6476,0.0793459804571,0.0370257393022,0.0705630575255,0.556555967998,-0.0421775831022,400,11.3804817789,10.7319332922,77.887584929
f012_s020_m012_b0p00050,12,20,12,0.0005,SPY,2024,6516,6516,-0.0256316415676,-0.0578312994788,0.0704123421027,-0.815251536744,-0.0732381515865,336,9.7912829957,8.07243707796,82.1362799263
f012_s020_m012_b0p00050,12,20,12,0.0005,SPY,2025,6464,6464,-0.164341408843,-0.199370838855,0.139182346311,-1.54951294836,-0.226271728382,428,12.9176980198,11.958539604,75.1237623762
f012_s020_m012_b0p00100,12,20,12,0.001,SPY,2020,6554,6523,-0.290995509332,-0.31402274747,0.242412599755,-1.43059587575,-0.364232199816,330,9.06024835199,8.95293576575,81.9868158823
f012_s020_m012_b0p00100,12,20,12,0.001,SPY,2021,6540,6540,0.064840045724,0.0517186819732,0.0452744005476,1.13845763817,-0.0326115645212,124,3.07339449541,2.93577981651,93.9908256881
f012_s020_m012_b0p00100,12,20,12,0.001,SPY,2022,6514,6514,-0.0085155788398,-0.0431913628839,0.105706177347,-0.367180892921,-0.136508062206,356,9.47190666257,8.25913417255,82.2689591649
f012_s020_m012_b0p00100,12,20,12,0.001,SPY,2023,6476,6476,-0.0418187883194,-0.0532498019007,0.0345342673171,-1.58582217683,-0.0532498019007,120,1.83755404571,2.42433600988,95.7381099444
f012_s020_m012_b0p00100,12,20,12,0.001,SPY,2024,6516,6516,-0.0305031448673,-0.039765077619,0.047726199611,-0.830723961731,-0.0735293816883,96,2.11786372007,1.8262737876,96.0558624923
f012_s020_m012_b0p00100,12,20,12,0.001,SPY,2025,6464,6464,-0.032779017792,-0.0471828565964,0.108830423354,-0.395533066702,-0.139693069575,150,4.20792079208,3.65099009901,92.1410891089
f012_s026_m006_b0p00000,12,26,6,0,SPY,2020,6554,6523,-0.26986206368,-0.348247452531,0.329464628665,-1.1320075658,-0.506834661896,1135,48.8578874751,51.1421125249,0
f012_s026_m006_b0p00000,12,26,6,0,SPY,2021,6540,6540,0.14715530949,0.0223216996951,0.126924812737,0.237685659373,-0.0901072946192,1152,47.9051987768,52.0948012232,0
f012_s026_m006_b0p00000,12,26,6,0,SPY,2022,6514,6514,-0.0732556174615,-0.175417094326,0.226924394735,-0.741326620024,-0.340176889902,1168,48.2499232422,51.7500767578,0
f012_s026_m006_b0p00000,12,26,6,0,SPY,2023,6476,6476,0.0259578203244,-0.0864171292223,0.128737331628,-0.645902181009,-0.195752217741,1160,49.9227918468,50.0772081532,0
f012_s026_m006_b0p00000,12,26,6,0,SPY,2024,6516,6516,-0.133458334919,-0.233298612481,0.123752935251,-2.09646683612,-0.249635578794,1224,47.912829957,52.087170043,0
f012_s026_m006_b0p00000,12,26,6,0,SPY,2025,6464,6464,-0.191900342559,-0.280290885295,0.194127546674,-1.6200985236,-0.313130415874,1158,48.3601485149,51.6398514851,0
f012_s026_m006_b0p00025,12,26,6,0.00025,SPY,2020,6554,6523,-0.21556223552,-0.282021712587,0.286872403938,-1.00903542906,-0.397670533552,885,26.9967806224,28.0392457458,44.9639736318
f012_s026_m006_b0p00025,12,26,6,0.00025,SPY,2021,6540,6540,0.234541113917,0.153953877162,0.0925762605673,1.59588976554,-0.0574770556804,675,19.3577981651,18.379204893,62.2629969419
f012_s026_m006_b0p00025,12,26,6,0.00025,SPY,2022,6514,6514,-0.0850634466061,-0.174035580309,0.185974270751,-0.940986209424,-0.31394859606,1023,30.6263432607,32.7295056801,36.6441510593
f012_s026_m006_b0p00025,12,26,6,0.00025,SPY,2023,6476,6476,0.0894152682938,0.0086755622789,0.0934066992136,0.140283605696,-0.108813812718,770,22.1278567017,21.0469425571,56.8252007412
f012_s026_m006_b0p00025,12,26,6,0.00025,SPY,2024,6516,6516,-0.0479900033578,-0.113243736845,0.0905950459284,-1.28845506547,-0.157708704067,710,17.9251074279,17.37262124,64.7022713321
f012_s026_m006_b0p00025,12,26,6,0.00025,SPY,2025,6464,6464,-0.152858816517,-0.21479056224,0.15550644916,-1.49816428306,-0.25386193378,759,21.0705445545,21.1014851485,57.827970297
f012_s026_m006_b0p00050,12,26,6,0.0005,SPY,2020,6554,6523,-0.264038612894,-0.306494581901,0.264378426856,-1.24943517721,-0.427135325733,594,16.7867545608,15.9129235015,67.3003219378
f012_s026_m006_b0p00050,12,26,6,0.0005,SPY,2021,6540,6540,0.238085396482,0.196701732582,0.0667667522689,2.72782237238,-0.0292006968631,340,8.4250764526,7.41590214067,84.1590214067
f012_s026_m006_b0p00050,12,26,6,0.0005,SPY,2022,6514,6514,-0.0308313034301,-0.101043929462,0.147184561274,-0.654329881241,-0.222580358398,752,18.9438133251,18.2376420018,62.818544673
f012_s026_m006_b0p00050,12,26,6,0.0005,SPY,2023,6476,6476,0.0212917647031,-0.018558373305,0.0628343201765,-0.270201385514,-0.0563419752631,398,8.40024706609,7.99876466955,83.6009882644
f012_s026_m006_b0p00050,12,26,6,0.0005,SPY,2024,6516,6516,0.043829375027,0.0127778985164,0.0638431174005,0.232144717875,-0.0604076356341,302,6.99815837937,5.57090239411,87.4309392265
f012_s026_m006_b0p00050,12,26,6,0.0005,SPY,2025,6464,6464,-0.0483455283213,-0.0867666796881,0.131434942445,-0.634046375319,-0.203967596707,412,10.1485148515,8.9573019802,80.8941831683
f012_s026_m006_b0p00100,12,26,6,0.001,SPY,2020,6554,6523,-0.383625476226,-0.402695114532,0.222732370873,-2.19850658203,-0.424630444342,314,6.56139812969,6.50007665185,86.9385252185
f012_s026_m006_b0p00100,12,26,6,0.001,SPY,2021,6540,6540,0.00918611898761,-0.00065711341016,0.0361979766322,-9.77875664315e-05,-0.0258544946776,98,1.69724770642,1.80428134557,96.498470948
f012_s026_m006_b0p00100,12,26,6,0.001,SPY,2022,6514,6514,0.0477105645488,0.0159351421856,0.0885516535169,0.223880624752,-0.099828485909,308,6.46300276328,5.97175314707,87.5652440897
f012_s026_m006_b0p00100,12,26,6,0.001,SPY,2023,6476,6476,-0.0194799204364,-0.0267117512393,0.0252447490861,-1.07243964954,-0.0372222696857,74,1.01914762199,1.08091414453,97.8999382335
f012_s026_m006_b0p00100,12,26,6,0.001,SPY,2024,6516,6516,-0.0211636676048,-0.0287709604393,0.0327278856033,-0.880520475631,-0.0483600560249,78,1.2277470841,1.2277470841,97.5445058318
f012_s026_m006_b0p00100,12,26,6,0.001,SPY,2025,6464,6464,-0.0842576368011,-0.0964545451461,0.105657402362,-0.919945124778,-0.146384548063,134,2.67636138614,2.62995049505,94.6936881188
f012_s026_m009_b0p00000,12,26,9,0,SPY,2020,6554,6520,0.084823139628,-0.0171536577547,0.329348755464,0.113478908801,-0.300513769557,987,48.7423312883,51.2576687117,0
f012_s026_m009_b0p00000,12,26,9,0,SPY,2021,6540,6540,0.207202070182,0.0905751514992,0.126849656729,0.748183311585,-0.100095508898,1016,47.5382262997,52.4617737003,0
f012_s026_m009_b0p00000,12,26,9,0,SPY,2022,6514,6514,-0.0515341349257,-0.139054255099,0.226993199341,-0.549825735083,-0.375233257783,968,48.3727356463,51.6272643537,0
f012_s026_m009_b0p00000,12,26,9,0,SPY,2023,6476,6476,0.00122778122628,-0.0907948918933,0.128767369351,-0.683459773863,-0.229305836779,964,49.8455836936,50.1544163064,0
f012_s026_m009_b0p00000,12,26,9,0,SPY,2024,6516,6516,-0.103347644601,-0.189658638127,0.123767568766,-1.64647611998,-0.227147734243,1012,48.0049109883,51.9950890117,0
f012_s026_m009_b0p00000,12,26,9,0,SPY,2025,6464,6464,-0.167146970104,-0.244770738672,0.194126862998,-1.36860347035,-0.269455672206,978,48.4065594059,51.5934405941,0
f012_s026_m009_b0p00025,12,26,9,0.00025,SPY,2020,6554,6520,0.0292693330481,-0.0520722087054,0.298002453858,-0.0285436859478,-0.311618843695,823,32.2392638037,34.1564417178,33.6042944785
f012_s026_m009_b0p00025,12,26,9,0.00025,SPY,2021,6540,6540,0.191307405378,0.10798593206,0.0999629769139,1.07767024222,-0.0800337460927,725,24.8470948012,25.3211009174,49.8318042813
f012_s026_m009_b0p00025,12,26,9,0.00025,SPY,2022,6514,6514,-0.0680368358568,-0.15021070271,0.199933965507,-0.718744521486,-0.304857661727,923,35.8151673319,38.4402824685,25.7445501996
f012_s026_m009_b0p00025,12,26,9,0.00025,SPY,2023,6476,6476,-0.00793650456078,-0.085497074352,0.103981046465,-0.81758923959,-0.2062263973,814,28.5052501544,27.7794935145,43.7152563311
f012_s026_m009_b0p00025,12,26,9,0.00025,SPY,2024,6516,6516,-0.0123724424947,-0.0844721886139,0.100105997767,-0.836271367336,-0.162609949493,758,23.9871086556,25.6138735421,50.3990178023
f012_s026_m009_b0p00025,12,26,9,0.00025,SPY,2025,6464,6464,-0.149995169293,-0.21434075514,0.171583766098,-1.33903126497,-0.239758785743,787,26.3304455446,28.8675742574,44.801980198
f012_s026_m009_b0p00050,12,26,9,0.0005,SPY,2020,6554,6520,0.00976648214102,-0.04867329579,0.284253599833,-0.0313997494813,-0.332068116202,596,22.3006134969,22.2392638037,55.4601226994
f012_s026_m009_b0p00050,12,26,9,0.0005,SPY,2021,6540,6540,0.21541646809,0.163797986905,0.0812856145193,1.91019209247,-0.0428570195467,434,13.501529052,12.629969419,73.8685015291
f012_s026_m009_b0p00050,12,26,9,0.0005,SPY,2022,6514,6514,-0.113333336524,-0.18216457708,0.172499669491,-1.08615627718,-0.340033909883,808,25.2686521339,26.2357998158,48.4955480504
f012_s026_m009_b0p00050,12,26,9,0.0005,SPY,2023,6476,6476,0.0827356228992,0.0258187457438,0.0775646224764,0.3712773331,-0.0807398354613,540,15.1173563928,14.3298332304,70.5528103768
f012_s026_m009_b0p00050,12,26,9,0.0005,SPY,2024,6516,6516,-0.0130407000084,-0.0532577419166,0.0755956104902,-0.689932382305,-0.0721899092875,416,12.0626151013,10.8809085328,77.0564763659
f012_s026_m009_b0p00050,12,26,9,0.0005,SPY,2025,6464,6464,-0.176509295133,-0.218564919064,0.144099860246,-1.66249015738,-0.244055406394,524,15.4702970297,14.8669554455,69.6627475248
f012_s026_m009_b0p00100,12,26,9,0.001,SPY,2020,6554,6520,-0.251907830569,-0.281255606102,0.248182081114,-1.20365755693,-0.397560775567,400,11.6717791411,11.1042944785,77.2239263804
f012_s026_m009_b0p00100,12,26,9,0.001,SPY,2021,6540,6540,0.118164389404,0.0997594442049,0.0524906441728,1.8411540977,-0.0333023532337,166,4.66360856269,4.32721712538,91.0091743119
f012_s026_m009_b0p00100,12,26,9,0.001,SPY,2022,6514,6514,-0.0611713522342,-0.10392421697,0.120028034062,-0.859418067662,-0.192957275452,466,12.8338962235,11.2526865213,75.9134172551
f012_s026_m009_b0p00100,12,26,9,0.001,SPY,2023,6476,6476,-0.0632727637386,-0.081274714834,0.0457214046341,-1.85288597853,-0.081274714834,194,3.48980852378,3.87584928968,92.6343421865
f012_s026_m009_b0p00100,12,26,9,0.001,SPY,2024,6516,6516,-0.0096568661951,-0.0236196090453,0.0538467319476,-0.419135421485,-0.0688381241722,142,3.54511970534,2.90055248619,93.5543278085
f012_s026_m009_b0p00100,12,26,9,0.001,SPY,2025,6464,6464,-0.0537886641619,-0.0727202278145,0.118194462698,-0.588219455231,-0.165237658783,202,5.4146039604,4.91955445545,89.6658415842
f012_s026_m012_b0p00000,12,26,12,0,SPY,2020,6554,6517,0.0889894799108,-0.000661637747182,0.329323195978,0.163966498121,-0.267661372497,859,48.7801135492,51.2198864508,0
f012_s026_m012_b0p00000,12,26,12,0,SPY,2021,6540,6540,0.171239204404,0.0712827600083,0.126895200642,0.607055226139,-0.0877412358424,892,47.7064220183,52.2935779817,0
f012_s026_m012_b0p00000,12,26,12,0,SPY,2022,6514,6514,0.171303068678,0.0782341203342,0.226898563131,0.447434025874,-0.290579129053,828,48.3420325453,51.6579674547,0
f012_s026_m012_b0p00000,12,26,12,0,SPY,2023,6476,6476,-0.0709435900752,-0.15024036745,0.12879160722,-1.21447051999,-0.284723784938,892,49.7992588017,50.2007411983,0
f012_s026_m012_b0p00000,12,26,12,0,SPY,2024,6516,6516,-0.118579363047,-0.19541852238,0.123765883372,-1.70444975419,-0.243151798156,912,47.7593615715,52.2406384285,0
f012_s026_m012_b0p00000,12,26,12,0,SPY,2025,6464,6464,-0.191376070395,-0.257878871796,0.194048156573,-1.46068602477,-0.277026600452,858,48.452970297,51.547029703,0
f012_s026_m012_b0p00025,12,26,12,0.00025,SPY,2020,6554,6517,0.140825523587,0.0580546646576,0.311029139727,0.338282059128,-0.225337653875,753,34.8473223876,37.2564063219,27.8962712905
f012_s026_m012_b0p00025,12,26,12,0.00025,SPY,2021,6540,6540,0.161948786546,0.0823056753167,0.102770846383,0.822402362098,-0.075107182557,710,28.1345565749,29.6483180428,42.2171253823
f012_s026_m012_b0p00025,12,26,12,0.00025,SPY,2022,6514,6514,0.0229231617746,-0.0591120357998,0.2061617967,-0.194086300785,-0.295511171275,836,38.1025483574,41.2189131102,20.6785385324
f012_s026_m012_b0p00025,12,26,12,0.00025,SPY,2023,6476,6476,0.0261651740838,-0.0496998010415,0.109164187134,-0.417855479454,-0.194092638323,768,31.9950586782,31.6553428042,36.3495985176
f012_s026_m012_b0p00025,12,26,12,0.00025,SPY,2024,6516,6516,-0.0334542895795,-0.102755249459,0.103576010819,-1.00066948533,-0.186829830673,744,27.1792510743,30.2486187845,42.5721301412
f012_s026_m012_b0p00025,12,26,12,0.00025,SPY,2025,6464,6464,-0.167544606146,-0.232022935252,0.17418664535,-1.44890299328,-0.272081677725,806,29.8576732673,33.323019802,36.8193069307
f012_s026_m012_b0p00050,12,26,12,0.0005,SPY,2020,6554,6517,0.214743481209,0.142732224216,0.297882035728,0.598185910139,-0.196012761446,611,25.4411539052,25.8401104803,48.7187356145
f012_s026_m012_b0p00050,12,26,12,0.0005,SPY,2021,6540,6540,0.206071789582,0.148744431401,0.0867055317812,1.64560769083,-0.0417158300798,487,17.0336391437,16.2996941896,66.6666666667
f012_s026_m012_b0p00050,12,26,12,0.0005,SPY,2022,6514,6514,-0.0912257660981,-0.158576996057,0.186248785013,-0.839179091601,-0.335533428798,770,28.999078907,31.3785692355,39.6223518575
f012_s026_m012_b0p00050,12,26,12,0.0005,SPY,2023,6476,6476,0.130613328795,0.067758807566,0.0855156546375,0.818408820798,-0.0805905601185,572,20.0432365658,19.3792464484,60.5775169858
f012_s026_m012_b0p00050,12,26,12,0.0005,SPY,2024,6516,6516,-0.0448013868442,-0.0910283978188,0.0813699521067,-1.13851340974,-0.12591725598,496,15.8839779006,14.7636586863,69.3523634131
f012_s026_m012_b0p00050,12,26,12,0.0005,SPY,2025,6464,6464,-0.161638966042,-0.206996903247,0.149877072261,-1.49335945055,-0.239704413144,556,18.6571782178,19.5235148515,61.8193069307
f012_s026_m012_b0p00100,12,26,12,0.001,SPY,2020,6554,6517,-0.0875302715595,-0.126126988692,0.260546211297,-0.38477187246,-0.312961763999,432,15.4365505601,14.3010587694,70.2623906706
f012_s026_m012_b0p00100,12,26,12,0.001,SPY,2021,6540,6540,0.159863700854,0.136218286735,0.0637365832046,2.03917606701,-0.0431258638012,206,7.03363914373,6.14678899083,86.8195718654
f012_s026_m012_b0p00100,12,26,12,0.001,SPY,2022,6514,6514,-0.122105881545,-0.16858980683,0.136276381841,-1.29457132431,-0.246092060506,544,17.0248695118,15.7506908198,67.2244396684
f012_s026_m012_b0p00100,12,26,12,0.001,SPY,2023,6476,6476,-0.0361389997459,-0.0597500031743,0.0563420174054,-1.07812640507,-0.0764715312667,248,6.25386040766,6.14576899321,87.6003705991
f012_s026_m012_b0p00100,12,26,12,0.001,SPY,2024,6516,6516,-0.00875662100224,-0.026826951164,0.0586107535891,-0.436946260035,-0.067182900144,184,5.61694290976,4.2510742787,90.1319828115
f012_s026_m012_b0p00100,12,26,12,0.001,SPY,2025,6464,6464,-0.0510625807312,-0.0770896810842,0.126526291756,-0.579256446455,-0.155447622464,278,8.26113861386,7.37933168317,84.359529703
f012_s032_m006_b0p00000,12,32,6,0,SPY,2020,6554,6517,-0.13599581329,-0.224562255218,0.32942567298,-0.604957870896,-0.420708497595,1081,48.8721804511,51.1278195489,0
f012_s032_m006_b0p00000,12,32,6,0,SPY,2021,6540,6540,0.197758629344,0.0712694139678,0.126911054984,0.606890362349,-0.0911659494291,1116,47.7064220183,52.2935779817,0
f012_s032_m006_b0p00000,12,32,6,0,SPY,2022,6514,6514,-0.0682785596098,-0.165677994208,0.226990315204,-0.689033467342,-0.352950433473,1104,48.4955480504,51.5044519496,0
f012_s032_m006_b0p00000,12,32,6,0,SPY,2023,6476,6476,0.0394625648973,-0.0691940980405,0.128743124238,-0.499102672427,-0.182535752118,1104,49.8919085855,50.1080914145,0
f012_s032_m006_b0p00000,12,32,6,0,SPY,2024,6516,6516,-0.100466979704,-0.199638158638,0.123757703132,-1.74729246754,-0.221384565637,1168,47.9742173112,52.0257826888,0
f012_s032_m006_b0p00000,12,32,6,0,SPY,2025,6464,6464,-0.224314293146,-0.306395623184,0.194156585255,-1.81268209505,-0.323403751761,1118,48.2363861386,51.7636138614,0
f012_s032_m006_b0p00025,12,32,6,0.00025,SPY,2020,6554,6517,-0.17836138196,-0.251724193018,0.293976160775,-0.837131281331,-0.376820643042,935,29.8603651987,31.2720576953,38.867577106
f012_s032_m006_b0p00025,12,32,6,0.00025,SPY,2021,6540,6540,0.278714547686,0.188573186637,0.097315806756,1.8270963274,-0.067925777669,731,22.4617737003,21.7584097859,55.7798165138
f012_s032_m006_b0p00025,12,32,6,0.00025,SPY,2022,6514,6514,-0.061621199484,-0.152529391924,0.19340115986,-0.763899784192,-0.308689833614,1019,33.4049739024,35.7537611299,30.8412649678
f012_s032_m006_b0p00025,12,32,6,0.00025,SPY,2023,6476,6476,0.0302341930829,-0.0516401368665,0.100969328241,-0.480775474529,-0.175344475284,828,25.7875231624,24.8919085855,49.320568252
f012_s032_m006_b0p00025,12,32,6,0.00025,SPY,2024,6516,6516,-0.0469295936989,-0.121792997579,0.0957732469412,-1.31547310738,-0.149706896731,818,21.2246777164,21.8999386126,56.875383671
f012_s032_m006_b0p00025,12,32,6,0.00025,SPY,2025,6464,6464,-0.107115463431,-0.176845626948,0.159017327584,-1.16081255861,-0.210601672402,813,24.0253712871,25.2939356436,50.6806930693
f012_s032_m006_b0p00050,12,32,6,0.0005,SPY,2020,6554,6517,-0.143745130358,-0.195552426226,0.270757019927,-0.665825525172,-0.41815818933,624,19.8097284026,19.0118152524,61.1784563449
f012_s032_m006_b0p00050,12,32,6,0.0005,SPY,2021,6540,6540,0.254959210118,0.205511474198,0.0758896392366,2.50531336541,-0.0314125068886,402,11.1773700306,10.1681957187,78.6544342508
f012_s032_m006_b0p00050,12,32,6,0.0005,SPY,2022,6514,6514,-0.103005239522,-0.175111333684,0.162645131871,-1.10902241427,-0.299676487989,838,22.7509978508,22.7202947498,54.5287073994
f012_s032_m006_b0p00050,12,32,6,0.0005,SPY,2023,6476,6476,0.0835691182903,0.0309324193835,0.0713998347472,0.467363853819,-0.0674582507804,498,11.6584311303,11.2260654725,77.1155033972
f012_s032_m006_b0p00050,12,32,6,0.0005,SPY,2024,6516,6516,0.0010440397575,-0.0380146173901,0.0698779093665,-0.522516167598,-0.0866579359362,398,9.77593615715,8.21055862492,82.0135052179
f012_s032_m006_b0p00050,12,32,6,0.0005,SPY,2025,6464,6464,-0.157428795523,-0.197734737004,0.139283424971,-1.5334373048,-0.234219918938,490,13.010519802,11.7264851485,75.2629950495
f012_s032_m006_b0p00100,12,32,6,0.001,SPY,2020,6554,6517,-0.380833356896,-0.403697686865,0.235898815038,-2.0701172204,-0.426467352724,376,8.82307810342,9.03790087464,82.1390210219
f012_s032_m006_b0p00100,12,32,6,0.001,SPY,2021,6540,6540,0.0650296762531,0.0489649995792,0.0470455571462,1.04149774031,-0.0258392822124,152,3.19571865443,2.96636085627,93.8379204893
f012_s032_m006_b0p00100,12,32,6,0.001,SPY,2022,6514,6514,0.0149097199534,-0.0264531259689,0.10964247644,-0.191012448581,-0.141956546736,416,9.61007061713,8.70432913724,81.6856002456
f012_s032_m006_b0p00100,12,32,6,0.001,SPY,2023,6476,6476,-0.0240623709546,-0.0382091559387,0.0369740510595,-1.04753232635,-0.0488150454067,146,2.20815318098,2.6868437307,95.1050030883
f012_s032_m006_b0p00100,12,32,6,0.001,SPY,2024,6516,6516,-0.0168812313307,-0.027638045495,0.0515082899724,-0.521063568002,-0.072258053451,110,2.22529158993,2.07182320442,95.7028852056
f012_s032_m006_b0p00100,12,32,6,0.001,SPY,2025,6464,6464,-0.101194606023,-0.117767593089,0.109664616079,-1.10303171139,-0.168391164921,186,4.16150990099,3.77475247525,92.0637376238
f012_s032_m009_b0p00000,12,32,9,0,SPY,2020,6554,6514,-0.00194116210376,-0.0908692564039,0.32935677337,-0.123156855372,-0.295320432036,933,49.0021492171,50.9978507829,0
f012_s032_m009_b0p00000,12,32,9,0,SPY,2021,6540,6540,0.20444277762,0.0963819354008,0.126859732491,0.790086365671,-0.0974834068942,940,47.6452599388,52.3547400612,0
f012_s032_m009_b0p00000,12,32,9,0,SPY,2022,6514,6514,0.109296781408,0.0150316218675,0.226964403665,0.179675071428,-0.277923649166,888,48.3113294443,51.6886705557,0
f012_s032_m009_b0p00000,12,32,9,0,SPY,2023,6476,6476,-0.0483032667763,-0.134395042459,0.128809329909,-1.06917468334,-0.266726616393,948,49.8147004324,50.1852995676,0
f012_s032_m009_b0p00000,12,32,9,0,SPY,2024,6516,6516,-0.133977150154,-0.21357436154,0.123763170821,-1.88991973467,-0.241635518264,964,48.1737262124,51.8262737876,0
f012_s032_m009_b0p00000,12,32,9,0,SPY,2025,6464,6464,-0.179593540118,-0.250374862346,0.19407701716,-1.4079002764,-0.2701190267,902,48.4684405941,51.5315594059,0
f012_s032_m009_b0p00025,12,32,9,0.00025,SPY,2020,6554,6514,0.145444225972,0.0597894213786,0.31244658519,0.343402064613,-0.219695936808,777,35.0322382561,36.9665336199,28.001228124
f012_s032_m009_b0p00025,12,32,9,0.00025,SPY,2021,6540,6540,0.158254659296,0.0741287140011,0.104912881788,0.735317394452,-0.0788472582313,754,27.9357798165,29.3425076453,42.7217125382
f012_s032_m009_b0p00025,12,32,9,0.00025,SPY,2022,6514,6514,-0.0110089819855,-0.0950430575657,0.205077721594,-0.387157138356,-0.287837939875,888,37.9336813018,40.789069696,21.2772490021
f012_s032_m009_b0p00025,12,32,9,0.00025,SPY,2023,6476,6476,0.0619672136202,-0.0212506432509,0.109915425794,-0.142741308036,-0.170441950532,816,31.8252007412,31.1148857319,37.0599135269
f012_s032_m009_b0p00025,12,32,9,0.00025,SPY,2024,6516,6516,-0.0443996388365,-0.117872083103,0.104029777866,-1.16008725519,-0.190424933908,800,26.9030079804,30.2025782689,42.8944137508
f012_s032_m009_b0p00025,12,32,9,0.00025,SPY,2025,6464,6464,-0.215023053266,-0.278574652137,0.174399582992,-1.81032932999,-0.313429832059,844,29.5792079208,33.1992574257,37.2215346535
f012_s032_m009_b0p00050,12,32,9,0.0005,SPY,2020,6554,6514,0.0409593193267,-0.0244703496325,0.287063849572,0.0591922860268,-0.323986193289,649,25.0383788763,25.5910346945,49.3705864292
f012_s032_m009_b0p00050,12,32,9,0.0005,SPY,2021,6540,6540,0.226872764184,0.166222737668,0.0860482066382,1.83333056236,-0.0438244771865,507,16.8501529052,15.8409785933,67.3088685015
f012_s032_m009_b0p00050,12,32,9,0.0005,SPY,2022,6514,6514,-0.0313198138698,-0.105981267424,0.183746213516,-0.521264447343,-0.264165203155,802,28.7688056494,30.8566165183,40.3745778324
f012_s032_m009_b0p00050,12,32,9,0.0005,SPY,2023,6476,6476,0.121609853714,0.0539718515485,0.0852086238421,0.666743239132,-0.0916547108161,622,19.7035206918,18.9932056825,61.3032736257
f012_s032_m009_b0p00050,12,32,9,0.0005,SPY,2024,6516,6516,-0.0508948727197,-0.0997132971083,0.0818508065763,-1.24929260006,-0.137752207829,528,15.5923879681,14.2879066912,70.1197053407
f012_s032_m009_b0p00050,12,32,9,0.0005,SPY,2025,6464,6464,-0.164971504095,-0.212200350665,0.149735308996,-1.53948065834,-0.23939201848,582,18.4096534653,19.1367574257,62.4535891089
f012_s032_m009_b0p00100,12,32,9,0.001,SPY,2020,6554,6514,-0.160256565769,-0.196414221349,0.255665861409,-0.724816433511,-0.366417874395,440,14.9677617439,13.847098557,71.1851396991
f012_s032_m009_b0p00100,12,32,9,0.001,SPY,2021,6540,6540,0.146067102408,0.120010116719,0.0629814235863,1.83431842872,-0.0377172289318,230,6.92660550459,5.96330275229,87.1100917431
f012_s032_m009_b0p00100,12,32,9,0.001,SPY,2022,6514,6514,-0.0822872416788,-0.131743379941,0.13430493836,-0.990764628708,-0.218770559044,554,16.5336198956,15.3669020571,68.0994780473
f012_s032_m009_b0p00100,12,32,9,0.001,SPY,2023,6476,6476,-0.0236204827675,-0.0492511928954,0.0561861347816,-0.881325480372,-0.0637120908429,266,6.19209388511,6.14576899321,87.6621371217
f012_s032_m009_b0p00100,12,32,9,0.001,SPY,2024,6516,6516,0.00482143863238,-0.0129054390492,0.0582387503886,-0.194873054882,-0.0658565283901,178,5.41743400859,4.23572744015,90.3468385513
f012_s032_m009_b0p00100,12,32,9,0.001,SPY,2025,6464,6464,-0.0775585190921,-0.103578189452,0.125681423436,-0.81885068138,-0.16092206468,286,7.9672029703,7.19368811881,84.8391089109
f012_s032_m012_b0p00000,12,32,12,0,SPY,2020,6554,6511,0.064545473479,-0.0205540011234,0.329332721168,0.102966057343,-0.269172858342,833,48.5946859161,51.4053140839,0
f012_s032_m012_b0p00000,12,32,12,0,SPY,2021,6540,6540,0.175349572469,0.0793563462384,0.126856173978,0.666498556641,-0.0892775418627,852,47.996941896,52.003058104,0
f012_s032_m012_b0p00000,12,32,12,0,SPY,2022,6514,6514,0.27064881177,0.173439888625,0.226871789064,0.822608857973,-0.23088436262,796,48.1578139392,51.8421860608,0
f012_s032_m012_b0p00000,12,32,12,0,SPY,2023,6476,6476,-0.0255564964087,-0.104076985359,0.128769381393,-0.799074613288,-0.256995589675,840,49.8764669549,50.1235330451,0
f012_s032_m012_b0p00000,12,32,12,0,SPY,2024,6516,6516,-0.0937058821112,-0.169062805281,0.123749242936,-1.44281388812,-0.225990352396,868,47.8360957643,52.1639042357,0
f012_s032_m012_b0p00000,12,32,12,0,SPY,2025,6464,6464,-0.127353924915,-0.195582407531,0.194011747234,-1.0398812082,-0.230548736924,814,47.896039604,52.103960396,0
f012_s032_m012_b0p00025,12,32,12,0.00025,SPY,2020,6554,6511,0.18095137172,0.0957224676894,0.316371553357,0.448407504979,-0.180486915597,749,37.2139456305,39.3795115958,23.4065427738
f012_s032_m012_b0p00025,12,32,12,0.00025,SPY,2021,6540,6540,0.161986379748,0.0793198648648,0.10686524951,0.769015640089,-0.0760371072475,738,31.0703363914,33.9602446483,34.9694189602
f012_s032_m012_b0p00025,12,32,12,0.00025,SPY,2022,6514,6514,0.023936934408,-0.0568671284896,0.213841993038,-0.168361862126,-0.303652348403,822,40.1750076758,43.4755910347,16.3494012895
f012_s032_m012_b0p00025,12,32,12,0.00025,SPY,2023,6476,6476,0.0502208721386,-0.0276144692111,0.111562158647,-0.198164258589,-0.172864180276,770,35.3304508956,35.2532427424,29.416306362
f012_s032_m012_b0p00025,12,32,12,0.00025,SPY,2024,6516,6516,-0.034777600588,-0.106133670883,0.106324023065,-1.00777067224,-0.194228246797,768,30.540208717,34.2081031308,35.2516881522
f012_s032_m012_b0p00025,12,32,12,0.00025,SPY,2025,6464,6464,-0.172411574521,-0.235443698314,0.174840957982,-1.46875604755,-0.257061251553,792,33.1373762376,37.3917079208,29.4709158416
f012_s032_m012_b0p00050,12,32,12,0.0005,SPY,2020,6554,6511,0.208981497062,0.134361690249,0.300573080364,0.571090338963,-0.182746087023,637,28.7206266319,29.519275073,41.7600982952
f012_s032_m012_b0p00050,12,32,12,0.0005,SPY,2021,6540,6540,0.210047674991,0.148615364981,0.0929581271395,1.53974534399,-0.0490208332227,521,20.7339449541,20.3058103976,58.9602446483
f012_s032_m012_b0p00050,12,32,12,0.0005,SPY,2022,6514,6514,0.0278817246785,-0.0465784966065,0.194991020547,-0.148438810516,-0.275010379476,752,32.6988025791,35.1396991096,32.1614983113
f012_s032_m012_b0p00050,12,32,12,0.0005,SPY,2023,6476,6476,0.115690432268,0.047361940827,0.0923446638717,0.553139491861,-0.114803567438,632,24.1815935763,24.0426189006,51.7757875232
f012_s032_m012_b0p00050,12,32,12,0.0005,SPY,2024,6516,6516,0.000272851454403,-0.0553423755964,0.0915826525818,-0.579140421824,-0.122790606028,572,20.1810926949,19.5365254758,60.2823818293
f012_s032_m012_b0p00050,12,32,12,0.0005,SPY,2025,6464,6464,-0.105412330896,-0.156341389409,0.156987930881,-1.01899954178,-0.216065347455,586,22.5247524752,23.7004950495,53.7747524752
f012_s032_m012_b0p00100,12,32,12,0.001,SPY,2020,6554,6511,-0.000559159374022,-0.0445545744127,0.2686634293,-0.03310689213,-0.268943614053,450,18.5839348794,17.8160036861,63.6000614345
f012_s032_m012_b0p00100,12,32,12,0.001,SPY,2021,6540,6540,0.142925094307,0.110256863118,0.0686593196467,1.56044707919,-0.0470675822134,290,9.49541284404,8.82262996942,81.6819571865
f012_s032_m012_b0p00100,12,32,12,0.001,SPY,2022,6514,6514,-0.0501714120842,-0.104586160151,0.157061952318,-0.628791598318,-0.251422862587,590,21.2772490021,20.4175621738,58.3051888241
f012_s032_m012_b0p00100,12,32,12,0.001,SPY,2023,6476,6476,0.0514921332925,0.0195987596054,0.0660123042431,0.330482263883,-0.0511225870553,308,9.88264360716,9.23409512044,80.8832612724
f012_s032_m012_b0p00100,12,32,12,0.001,SPY,2024,6516,6516,0.00842901584293,-0.0172549499882,0.0627095113679,-0.247499092201,-0.0690280300889,258,8.30263965623,6.6758747698,85.021485574
f012_s032_m012_b0p00100,12,32,12,0.001,SPY,2025,6464,6464,-0.112381720726,-0.141895957811,0.132885012455,-1.1006624484,-0.170232931769,338,10.9065594059,10.426980198,78.666460396
f016_s020_m006_b0p00000,16,20,6,0,SPY,2020,6554,6529,-0.198845047546,-0.28326947389,0.329500795197,-0.843542488954,-0.478715127251,1113,48.7976719253,51.2023280747,0
f016_s020_m006_b0p00000,16,20,6,0,SPY,2021,6540,6540,0.149418684161,0.0292684167,0.126917009831,0.291147747047,-0.0917827863812,1104,47.7828746177,52.2171253823,0
f016_s020_m006_b0p00000,16,20,6,0,SPY,2022,6514,6514,-0.0431130723326,-0.143817056737,0.226933121231,-0.574614277706,-0.322735536708,1112,48.3266809948,51.6733190052,0
f016_s020_m006_b0p00000,16,20,6,0,SPY,2023,6476,6476,0.0457788495921,-0.0642865602633,0.128740289342,-0.457786624713,-0.176484027694,1112,49.9536751081,50.0463248919,0
f016_s020_m006_b0p00000,16,20,6,0,SPY,2024,6516,6516,-0.114123266024,-0.211788751148,0.123752441151,-1.87166762227,-0.231887339806,1168,47.8974831185,52.1025168815,0
f016_s020_m006_b0p00000,16,20,6,0,SPY,2025,6464,6464,-0.232731815941,-0.315294025697,0.1941590336,-1.88006878078,-0.338614708898,1138,48.2827970297,51.7172029703,0
f016_s020_m006_b0p00025,16,20,6,0.00025,SPY,2020,6554,6529,-0.384406360689,-0.40773535531,0.232709653938,-2.13094183878,-0.42260213861,386,8.69964772553,8.51585235105,82.7844999234
f016_s020_m006_b0p00025,16,20,6,0.00025,SPY,2021,6540,6540,0.0592430238245,0.0426399783553,0.0458583877974,0.935131443489,-0.024136888142,158,2.99694189602,2.82874617737,94.1743119266
f016_s020_m006_b0p00025,16,20,6,0.00025,SPY,2022,6514,6514,-0.0228924244451,-0.0606456793346,0.105474858756,-0.543742773762,-0.14634036651,394,9.02671169788,7.89069696039,83.0825913417
f016_s020_m006_b0p00025,16,20,6,0.00025,SPY,2023,6476,6476,-0.0226447311968,-0.0364263253186,0.0354651631214,-1.04081026844,-0.0470467113671,142,1.91476219889,2.39345274861,95.6917850525
f016_s020_m006_b0p00025,16,20,6,0.00025,SPY,2024,6516,6516,-0.0160754685093,-0.0262575021752,0.0506995334684,-0.502052536033,-0.067937296681,104,2.04112952732,1.8876611418,96.0712093309
f016_s020_m006_b0p00025,16,20,6,0.00025,SPY,2025,6464,6464,-0.100497469287,-0.116729716008,0.109113295868,-1.09823544965,-0.171759516685,182,3.99133663366,3.62004950495,92.3886138614
f016_s020_m006_b0p00050,16,20,6,0.0005,SPY,2020,6554,6529,-0.312979332823,-0.322682670691,0.16833881204,-2.22642720746,-0.340496879363,142,2.60376780518,2.94072599173,94.4555062031
f016_s020_m006_b0p00050,16,20,6,0.0005,SPY,2021,6540,6540,-0.0039730331691,-0.00477018610982,0.0048061949695,-0.994302056612,-0.00506406809404,8,0.0611620795107,0.0305810397554,99.9082568807
f016_s020_m006_b0p00050,16,20,6,0.0005,SPY,2022,6514,6514,0.0469273203315,0.0385907478799,0.0497990180205,0.789739040735,-0.0461894881808,80,1.47374884863,1.3969910961,97.1292600553
f016_s020_m006_b0p00050,16,20,6,0.0005,SPY,2023,6476,6476,0,0,0,,0,0,0,0,100
f016_s020_m006_b0p00050,16,20,6,0.0005,SPY,2024,6516,6516,-0.0119557344139,-0.0129437575369,0.0121864669289,-1.06887449418,-0.0148568895713,10,0.0920810313076,0.107427869859,99.8004910988
f016_s020_m006_b0p00050,16,20,6,0.0005,SPY,2025,6464,6464,0.0390972909695,0.0353660449413,0.0583850018162,0.632620899313,-0.0280347135125,36,0.696163366337,0.866336633663,98.4375
f016_s020_m006_b0p00100,16,20,6,0.001,SPY,2020,6554,6529,-0.198516153631,-0.200930970822,0.125503737185,-1.71991099034,-0.219016803949,30,0.444172155001,0.306325624138,99.2495022209
f016_s020_m006_b0p00100,16,20,6,0.001,SPY,2021,6540,6540,0,0,0,,0,0,0,0,100
f016_s020_m006_b0p00100,16,20,6,0.001,SPY,2022,6514,6514,-0.0014826396377,-0.00168248137373,0.00159039911593,-1.06417027597,-0.00168248137373,2,0.0153515505066,0,99.9846484495
f016_s020_m006_b0p00100,16,20,6,0.001,SPY,2023,6476,6476,0,0,0,,0,0,0,0,100
f016_s020_m006_b0p00100,16,20,6,0.001,SPY,2024,6516,6516,0,0,0,,0,0,0,0,100
f016_s020_m006_b0p00100,16,20,6,0.001,SPY,2025,6464,6464,0.0304799995085,0.029656750984,0.0317390869242,0.949153639347,-0.0154465561048,8,0.185643564356,0.123762376238,99.6905940594
f016_s020_m009_b0p00000,16,20,9,0,SPY,2020,6554,6526,0.0411006049784,-0.0518539244761,0.329371695326,0.00439914169707,-0.287955455039,935,48.5289610788,51.4710389212,0
f016_s020_m009_b0p00000,16,20,9,0,SPY,2021,6540,6540,0.215597899338,0.101238757617,0.126850493506,0.825030577177,-0.0995043163101,988,47.6911314985,52.3088685015,0
f016_s020_m009_b0p00000,16,20,9,0,SPY,2022,6514,6514,-0.0431016018894,-0.129304788684,0.226954067648,-0.500065684832,-0.355112047931,944,48.3727356463,51.6272643537,0
f016_s020_m009_b0p00000,16,20,9,0,SPY,2023,6476,6476,-0.0636412873718,-0.149368715143,0.128823040835,-1.20608523369,-0.275372519183,960,49.8610253243,50.1389746757,0
f016_s020_m009_b0p00000,16,20,9,0,SPY,2024,6516,6516,-0.0538780546599,-0.141866302219,0.123771255679,-1.18089356849,-0.194237675393,976,47.9588704727,52.0411295273,0
f016_s020_m009_b0p00000,16,20,9,0,SPY,2025,6464,6464,-0.166606626331,-0.241857778648,0.194122192503,-1.34853999704,-0.2719952818,946,48.422029703,51.577970297,0
f016_s020_m009_b0p00025,16,20,9,0.00025,SPY,2020,6554,6526,-0.23564714892,-0.269434401731,0.257811947869,-1.0859872483,-0.377635430311,452,14.4039227705,13.5917866994,72.0042905302
f016_s020_m009_b0p00025,16,20,9,0.00025,SPY,2021,6540,6540,0.169542951204,0.145471273507,0.0616341815398,2.23843322012,-0.0314564707286,208,6.51376146789,5.62691131498,87.8593272171
f016_s020_m009_b0p00025,16,20,9,0.00025,SPY,2022,6514,6514,-0.100638971372,-0.149795064534,0.134219747475,-1.14892656994,-0.222468271146,562,16.0577218299,14.6300276328,69.3122505373
f016_s020_m009_b0p00025,16,20,9,0.00025,SPY,2023,6476,6476,-0.0235770427689,-0.0469240482972,0.0549811593965,-0.856873029243,-0.0589979747271,242,5.48177887585,5.72884496603,88.7893761581
f016_s020_m009_b0p00025,16,20,9,0.00025,SPY,2024,6516,6516,-0.0098292256193,-0.0271036209194,0.0579299770677,-0.447695603563,-0.0764120824414,176,4.97237569061,4.02087170043,91.006752609
f016_s020_m009_b0p00025,16,20,9,0.00025,SPY,2025,6464,6464,-0.0285986179319,-0.0535422537132,0.123872440105,-0.388207914405,-0.146914225653,260,7.53403465347,6.72957920792,85.7363861386
f016_s020_m009_b0p00050,16,20,9,0.0005,SPY,2020,6554,6526,-0.403154844435,-0.415569846527,0.20262525655,-2.54537020862,-0.426162513894,210,5.05669629176,5.04137296966,89.9019307386
f016_s020_m009_b0p00050,16,20,9,0.0005,SPY,2021,6540,6540,-0.0373453973199,-0.043105402569,0.0276252080562,-1.58407740447,-0.0479410187284,60,0.993883792049,1.07033639144,97.9357798165
f016_s020_m009_b0p00050,16,20,9,0.0005,SPY,2022,6514,6514,-0.032007103817,-0.049083431262,0.0750157742646,-0.637197577309,-0.075084827411,178,3.88394227817,3.88394227817,92.2321154437
f016_s020_m009_b0p00050,16,20,9,0.0005,SPY,2023,6476,6476,-0.00885703859636,-0.0122234484099,0.0161712682632,-0.761365264005,-0.0183881191643,34,0.370599135269,0.478690549722,99.150710315
f016_s020_m009_b0p00050,16,20,9,0.0005,SPY,2024,6516,6516,-0.00257064150941,-0.00635397254773,0.0235447079935,-0.260457113385,-0.0231978628528,38,0.644567219153,0.659914057704,98.6955187231
f016_s020_m009_b0p00050,16,20,9,0.0005,SPY,2025,6464,6464,0.0676659146303,0.0602199457745,0.0803215803198,0.777811313932,-0.0397737064784,70,1.79455445545,1.65532178218,96.5501237624
f016_s020_m009_b0p00100,16,20,9,0.001,SPY,2020,6554,6526,-0.265160324531,-0.270157069652,0.148070839086,-2.04858556895,-0.287657935683,68,1.14924915722,1.07263254674,97.778118296
f016_s020_m009_b0p00100,16,20,9,0.001,SPY,2021,6540,6540,0,0,0,,0,0,0,0,100
f016_s020_m009_b0p00100,16,20,9,0.001,SPY,2022,6514,6514,0.00427530500816,0.00247098919107,0.0275342855517,0.103976723042,-0.0245249275152,18,0.337734111145,0.214921707092,99.4473441818
f016_s020_m009_b0p00100,16,20,9,0.001,SPY,2023,6476,6476,0,0,0,,0,0,0,0,100
f016_s020_m009_b0p00100,16,20,9,0.001,SPY,2024,6516,6516,0,0,0,,0,0,0,0,100
f016_s020_m009_b0p00100,16,20,9,0.001,SPY,2025,6464,6464,-0.0264593452506,-0.0282111207649,0.0489843368255,-0.567567650505,-0.0526023859549,18,0.402227722772,0.340346534653,99.2574257426
f016_s020_m012_b0p00000,16,20,12,0,SPY,2020,6554,6523,0.0595322159012,-0.02457793062,0.329331478166,0.0904752071438,-0.268604550476,827,48.689253411,51.310746589,0
f016_s020_m012_b0p00000,16,20,12,0,SPY,2021,6540,6540,0.150368391679,0.0559891606072,0.126886475434,0.493562600293,-0.103823158024,856,47.7981651376,52.2018348624,0
f016_s020_m012_b0p00000,16,20,12,0,SPY,2022,6514,6514,0.115201099765,0.0257692569232,0.226899588629,0.226312284531,-0.296350591727,836,48.3113294443,51.6886705557,0
f016_s020_m012_b0p00000,16,20,12,0,SPY,2023,6476,6476,-0.0519593398653,-0.13009888417,0.128810854024,-1.03027143734,-0.271743844835,860,49.6757257566,50.3242742434,0
f016_s020_m012_b0p00000,16,20,12,0,SPY,2024,6516,6516,-0.107510972043,-0.183032140837,0.123784055805,-1.58008301656,-0.239255847401,884,47.6672805402,52.3327194598,0
f016_s020_m012_b0p00000,16,20,12,0,SPY,2025,6464,6464,-0.168126360092,-0.235012130225,0.194050024674,-1.30215841529,-0.267130154803,838,48.2673267327,51.7326732673,0
f016_s020_m012_b0p00025,16,20,12,0.00025,SPY,2020,6554,6523,0.00803042540087,-0.0367200862822,0.270508075663,-0.000856185918157,-0.247192730514,454,18.120496704,17.2466656446,64.6328376514
f016_s020_m012_b0p00025,16,20,12,0.00025,SPY,2021,6540,6540,0.172141236124,0.141374052834,0.0695372241703,1.9398552868,-0.0409436444266,266,9.06727828746,8.22629969419,82.7064220183
f016_s020_m012_b0p00025,16,20,12,0.00025,SPY,2022,6514,6514,-0.0669547616568,-0.120762749029,0.147823791547,-0.801795345319,-0.226286408587,594,20.3101013202,19.3890082898,60.3008903899
f016_s020_m012_b0p00025,16,20,12,0.00025,SPY,2023,6476,6476,0.0495910264131,0.0175529182057,0.0639276954688,0.307353067455,-0.0538585707287,310,9.09512044472,8.616429895,82.2884496603
f016_s020_m012_b0p00025,16,20,12,0.00025,SPY,2024,6516,6516,-0.00813588444135,-0.0318531987666,0.0644607251502,-0.472483234859,-0.0698626702609,242,7.61203192142,6.01596071209,86.3720073665
f016_s020_m012_b0p00025,16,20,12,0.00025,SPY,2025,6464,6464,-0.0696022622226,-0.0990961937775,0.131379577496,-0.739287447777,-0.160123791876,322,10.4888613861,9.90099009901,79.6101485149
f016_s020_m012_b0p00050,16,20,12,0.0005,SPY,2020,6554,6523,-0.335638071573,-0.351410063105,0.225012078658,-1.80796434171,-0.39085377747,240,7.37390771118,7.35857734171,85.2675149471
f016_s020_m012_b0p00050,16,20,12,0.0005,SPY,2021,6540,6540,0.023792418738,0.0148212774144,0.0386961208473,0.400252810334,-0.0212258240664,88,2.37003058104,2.03363914373,95.5963302752
f016_s020_m012_b0p00050,16,20,12,0.0005,SPY,2022,6514,6514,-0.0254146189618,-0.0504234932469,0.0893904884585,-0.537407170396,-0.104066846341,260,6.89284617746,6.14062020264,86.9665336199
f016_s020_m012_b0p00050,16,20,12,0.0005,SPY,2023,6476,6476,-0.0181652496956,-0.0244295315401,0.0245928074888,-1.00519960978,-0.0329711615105,64,1.00370599135,1.25077208153,97.7455219271
f016_s020_m012_b0p00050,16,20,12,0.0005,SPY,2024,6516,6516,-0.0112209629533,-0.0169399379293,0.0285537740584,-0.587375744552,-0.0348123148182,58,1.2277470841,1.27378759975,97.4984653161
f016_s020_m012_b0p00050,16,20,12,0.0005,SPY,2025,6464,6464,0.0217352726813,0.0115709518871,0.101087882135,0.165851774351,-0.0613695826313,100,2.93935643564,2.53712871287,94.5235148515
f016_s020_m012_b0p00100,16,20,12,0.001,SPY,2020,6554,6523,-0.23950500688,-0.246478728268,0.161328185964,-1.66971226876,-0.286834033509,92,1.79365322704,2.39153763606,95.8148091369
f016_s020_m012_b0p00100,16,20,12,0.001,SPY,2021,6540,6540,0,0,0,,0,0,0,0,100
f016_s020_m012_b0p00100,16,20,12,0.001,SPY,2022,6514,6514,0.0083228139365,0.00409402482876,0.036587218215,0.130680581893,-0.0247812597286,42,0.85968682837,0.72152287381,98.4187902978
f016_s020_m012_b0p00100,16,20,12,0.001,SPY,2023,6476,6476,0,0,0,,0,0,0,0,100
f016_s020_m012_b0p00100,16,20,12,0.001,SPY,2024,6516,6516,-0.00724085957706,-0.0074402273438,0.00843692459555,-0.885810698786,-0.0083510836075,2,0,0.0306936771025,99.9693063229
f016_s020_m012_b0p00100,16,20,12,0.001,SPY,2025,6464,6464,0.00114030851481,-0.00105823010495,0.054823796081,0.00789311542342,-0.0355837947718,22,0.680693069307,0.54146039604,98.7778465347
f016_s026_m006_b0p00000,16,26,6,0,SPY,2020,6554,6523,0.0219469615651,-0.0781748609941,0.329321818422,-0.0811050398628,-0.334892604566,1031,48.7812356278,51.2187643722,0
f016_s026_m006_b0p00000,16,26,6,0,SPY,2021,6540,6540,0.219233760795,0.0966029458362,0.126890766182,0.7915032885,-0.0918553451978,1060,47.4923547401,52.5076452599,0
f016_s026_m006_b0p00000,16,26,6,0,SPY,2022,6514,6514,-0.0168431340757,-0.111120413786,0.226963131907,-0.408443633892,-0.365042309528,1008,48.3266809948,51.6733190052,0
f016_s026_m006_b0p00000,16,26,6,0,SPY,2023,6476,6476,0.0321094996122,-0.0709605749305,0.128747737986,-0.514007693028,-0.211835727316,1052,49.8455836936,50.1544163064,0
f016_s026_m006_b0p00000,16,26,6,0,SPY,2024,6516,6516,-0.0716905413908,-0.167729997343,0.123737901038,-1.42992538594,-0.209494776121,1092,48.1123388582,51.8876611418,0
f016_s026_m006_b0p00000,16,26,6,0,SPY,2025,6464,6464,-0.208531037654,-0.286595599707,0.194146350525,-1.6658545751,-0.3062783891,1038,48.2827970297,51.7172029703,0
f016_s026_m006_b0p00025,16,26,6,0.00025,SPY,2020,6554,6523,-0.10225516728,-0.154208288882,0.272792821625,-0.47520428422,-0.386731686062,596,20.1594358424,19.3929173693,60.4476467883
f016_s026_m006_b0p00025,16,26,6,0.00025,SPY,2021,6540,6540,0.254309000894,0.207783157259,0.076012997779,2.52618439974,-0.0321173693532,378,11.2691131498,10.3669724771,78.3639143731
f016_s026_m006_b0p00025,16,26,6,0.00025,SPY,2022,6514,6514,-0.0824310819721,-0.151788984121,0.163738425162,-0.929267405921,-0.293373737663,786,22.7202947498,23.0273257599,54.2523794903
f016_s026_m006_b0p00025,16,26,6,0.00025,SPY,2023,6476,6476,0.0981903184671,0.0473520659783,0.0716529596628,0.689084559057,-0.0569103954804,474,12.0444718962,11.3959234095,76.5596046943
f016_s026_m006_b0p00025,16,26,6,0.00025,SPY,2024,6516,6516,-0.0123530648541,-0.0488002314732,0.0700204360513,-0.683223359364,-0.0928698341005,376,10.1289134438,8.36402701044,81.5070595457
f016_s026_m006_b0p00025,16,26,6,0.00025,SPY,2025,6464,6464,-0.185036525377,-0.224023553516,0.139905160982,-1.76737720371,-0.253468756133,490,13.2116336634,12.2524752475,74.5358910891
f016_s026_m006_b0p00050,16,26,6,0.0005,SPY,2020,6554,6523,-0.380046950077,-0.40174249434,0.235903322139,-2.05619621286,-0.431137187904,356,9.06024835199,9.16756093822,81.7721907098
f016_s026_m006_b0p00050,16,26,6,0.0005,SPY,2021,6540,6540,0.0849975765853,0.0688473527874,0.048017820467,1.41312942501,-0.0330631741372,150,3.4250764526,3.10397553517,93.4709480122
f016_s026_m006_b0p00050,16,26,6,0.0005,SPY,2022,6514,6514,0.0306853403198,-0.0107222689437,0.108426138802,-0.04570709074,-0.13596306036,410,9.93245317777,8.8271415413,81.2404052809
f016_s026_m006_b0p00050,16,26,6,0.0005,SPY,2023,6476,6476,-0.0257630285921,-0.0393068949673,0.0374602726902,-1.06429463698,-0.0490822707506,140,2.25447807288,2.6868437307,95.0586781964
f016_s026_m006_b0p00050,16,26,6,0.0005,SPY,2024,6516,6516,-0.026370943182,-0.037409682113,0.0514447681338,-0.71918526128,-0.0776081637343,114,2.19459791283,2.08717004297,95.7182320442
f016_s026_m006_b0p00050,16,26,6,0.0005,SPY,2025,6464,6464,-0.0702397404727,-0.0861041034026,0.110497989431,-0.770442858595,-0.171733931429,172,4.23886138614,3.8521039604,91.9090346535
f016_s026_m006_b0p00100,16,26,6,0.001,SPY,2020,6554,6523,-0.212971042856,-0.224069232682,0.173933207475,-1.36825919798,-0.252545501739,142,2.95876130615,3.15805610915,93.8831825847
f016_s026_m006_b0p00100,16,26,6,0.001,SPY,2021,6540,6540,-0.00728882802823,-0.00867855474754,0.00568717823855,-1.53261136429,-0.00867855474754,14,0.107033639144,0.0917431192661,99.8012232416
f016_s026_m006_b0p00100,16,26,6,0.001,SPY,2022,6514,6514,0.0248481520945,0.0156676537973,0.0516152779763,0.328815628002,-0.0495037414629,90,1.76542830826,1.51980350015,96.7147681916
f016_s026_m006_b0p00100,16,26,6,0.001,SPY,2023,6476,6476,-0.00121509577814,-0.00141496426856,0.00132659326161,-1.07923270317,-0.00141496426856,2,0,0.0154416306362,99.9845583694
f016_s026_m006_b0p00100,16,26,6,0.001,SPY,2024,6516,6516,-0.0204282379304,-0.0216034304579,0.0144989174492,-1.50738436817,-0.0252560384564,12,0.138121546961,0.12277470841,99.7391037446
f016_s026_m006_b0p00100,16,26,6,0.001,SPY,2025,6464,6464,0.0270435731386,0.0229471766889,0.0586069128078,0.421744997501,-0.0305670195001,40,0.912747524752,0.928217821782,98.1590346535
f016_s026_m009_b0p00000,16,26,9,0,SPY,2020,6554,6520,0.119368865347,0.025584871777,0.329294209639,0.242647677302,-0.26362869209,875,48.7423312883,51.2576687117,0
f016_s026_m009_b0p00000,16,26,9,0,SPY,2021,6540,6540,0.226640978677,0.121068834024,0.126821868061,0.966177899054,-0.0839477843942,900,47.9204892966,52.0795107034,0
f016_s026_m009_b0p00000,16,26,9,0,SPY,2022,6514,6514,0.13654070543,0.0458067023099,0.226937688046,0.312057274356,-0.289869167192,832,48.2652747928,51.7347252072,0
f016_s026_m009_b0p00000,16,26,9,0,SPY,2023,6476,6476,-0.0470904847666,-0.1284241595,0.128804930579,-1.01522314645,-0.265652201819,892,49.7374922792,50.2625077208,0
f016_s026_m009_b0p00000,16,26,9,0,SPY,2024,6516,6516,-0.108017875292,-0.185120164749,0.123710095405,-1.60190174951,-0.234618993775,904,48.0049109883,51.9950890117,0
f016_s026_m009_b0p00000,16,26,9,0,SPY,2025,6464,6464,-0.161790771207,-0.231034101358,0.194053606283,-1.27504198809,-0.256742358912,862,48.3601485149,51.6398514851,0
f016_s026_m009_b0p00025,16,26,9,0.00025,SPY,2020,6554,6520,0.225506124325,0.153087462356,0.297634052013,0.628737493478,-0.192931857177,609,25.4601226994,25.9202453988,48.6196319018
f016_s026_m009_b0p00025,16,26,9,0.00025,SPY,2021,6540,6540,0.204283194331,0.146122717994,0.0869419210673,1.61504049942,-0.0449059172165,495,17.2018348624,16.3149847095,66.4831804281
f016_s026_m009_b0p00025,16,26,9,0.00025,SPY,2022,6514,6514,-0.0400849419727,-0.111048122954,0.185427892966,-0.545675641488,-0.291811673617,768,29.2140006141,31.3785692355,39.4074301504
f016_s026_m009_b0p00025,16,26,9,0.00025,SPY,2023,6476,6476,0.134075986723,0.0708149817863,0.0857460033647,0.850164495661,-0.0863430605079,574,20.1822112415,19.6417541692,60.1760345893
f016_s026_m009_b0p00025,16,26,9,0.00025,SPY,2024,6516,6516,-0.0339847938682,-0.0809197778926,0.0812751462071,-1.00311166568,-0.118269812233,498,16.1295273174,14.7790055249,69.0914671578
f016_s026_m009_b0p00025,16,26,9,0.00025,SPY,2025,6464,6464,-0.166468584264,-0.212195180935,0.150097874336,-1.53535324601,-0.238861916449,564,18.7964108911,19.7091584158,61.4944306931
f016_s026_m009_b0p00050,16,26,9,0.0005,SPY,2020,6554,6520,-0.145612817585,-0.181915310796,0.258437043458,-0.645113418485,-0.334027064565,434,15.5521472393,14.3558282209,70.0920245399
f016_s026_m009_b0p00050,16,26,9,0.0005,SPY,2021,6540,6540,0.158442344966,0.13414365431,0.063692131271,2.01180751699,-0.0391185037162,212,7.125382263,6.1620795107,86.7125382263
f016_s026_m009_b0p00050,16,26,9,0.0005,SPY,2022,6514,6514,-0.104029465316,-0.151127218944,0.136849722817,-1.13580485379,-0.251571378645,540,17.1630334664,16.0116671784,66.8252993552
f016_s026_m009_b0p00050,16,26,9,0.0005,SPY,2023,6476,6476,-0.0233734446058,-0.048058801998,0.0570147736372,-0.845453428245,-0.0724326780568,256,6.51636812847,6.33106856084,87.1525633107
f016_s026_m009_b0p00050,16,26,9,0.0005,SPY,2024,6516,6516,-0.0049397844856,-0.0230797076594,0.0586262995296,-0.370899586872,-0.0662782055932,184,5.69367710252,4.26642111725,90.0399017802
f016_s026_m009_b0p00050,16,26,9,0.0005,SPY,2025,6464,6464,-0.075820038239,-0.102246174147,0.126408722216,-0.801509389166,-0.162615284576,290,8.32301980198,7.47215346535,84.2048267327
f016_s026_m009_b0p00100,16,26,9,0.001,SPY,2020,6554,6520,-0.425551803325,-0.438068800498,0.213102244507,-2.59390924946,-0.450128596024,220,5.8282208589,5.56748466258,88.6042944785
f016_s026_m009_b0p00100,16,26,9,0.001,SPY,2021,6540,6540,-0.0254747154084,-0.032660947739,0.0301666492146,-1.08767003452,-0.038242511006,74,1.39143730887,1.23853211009,97.370030581
f016_s026_m009_b0p00100,16,26,9,0.001,SPY,2022,6514,6514,-0.0148907476009,-0.0336224175483,0.0770705261391,-0.407699129184,-0.0753220278554,192,4.40589499539,4.54405894995,91.0500460547
f016_s026_m009_b0p00100,16,26,9,0.001,SPY,2023,6476,6476,-0.00585870876993,-0.00923454130762,0.0176141050208,-0.524075076499,-0.0196984010602,34,0.509573810994,0.602223594812,98.8882025942
f016_s026_m009_b0p00100,16,26,9,0.001,SPY,2024,6516,6516,0.00311354091789,-0.000490645023196,0.0248937294967,-0.00738059446924,-0.0277358225544,36,0.73664825046,0.813382443217,98.4499693063
f016_s026_m009_b0p00100,16,26,9,0.001,SPY,2025,6464,6464,0.0138442379085,0.00637333208287,0.0810185406668,0.119729339239,-0.0625607660339,74,2.02660891089,1.84096534653,96.1324257426
f016_s026_m012_b0p00000,16,26,12,0,SPY,2020,6554,6517,0.0724238959984,-0.00875508090032,0.329333447746,0.139348314108,-0.240641959364,787,48.5039128433,51.4960871567,0
f016_s026_m012_b0p00000,16,26,12,0,SPY,2021,6540,6540,0.173579727993,0.0824819686018,0.12686758685,0.689262980574,-0.117252871529,808,47.9816513761,52.0183486239,0
f016_s026_m012_b0p00000,16,26,12,0,SPY,2022,6514,6514,0.234166866449,0.144307436264,0.226912226126,0.711063532965,-0.242076571915,756,48.0042984341,51.9957015659,0
f016_s026_m012_b0p00000,16,26,12,0,SPY,2023,6476,6476,-0.0171928754129,-0.0920377881534,0.128755614837,-0.694286697322,-0.236837287443,792,49.9691167387,50.0308832613,0
f016_s026_m012_b0p00000,16,26,12,0,SPY,2024,6516,6516,-0.0708904291226,-0.14302343467,0.12380736882,-1.19147416133,-0.240867590204,808,47.7900552486,52.2099447514,0
f016_s026_m012_b0p00000,16,26,12,0,SPY,2025,6464,6464,-0.143626930944,-0.206148039533,0.193997315335,-1.10905803731,-0.245451763929,758,47.896039604,52.103960396,0
f016_s026_m012_b0p00025,16,26,12,0.00025,SPY,2020,6554,6517,0.190174360063,0.117822041595,0.301060970271,0.52187493281,-0.182670008426,627,29.0010741139,29.9677765843,41.0311493018
f016_s026_m012_b0p00025,16,26,12,0.00025,SPY,2021,6540,6540,0.202928135707,0.141861069358,0.0936817706684,1.46549882469,-0.0498213303139,521,20.8868501529,20.993883792,58.119266055
f016_s026_m012_b0p00025,16,26,12,0.00025,SPY,2022,6514,6514,0.0386381330311,-0.033514946346,0.196930043984,-0.0755572728585,-0.25266707031,720,33.2207552963,35.7230580289,31.0561866749
f016_s026_m012_b0p00025,16,26,12,0.00025,SPY,2023,6476,6476,0.122944158622,0.0575504749723,0.0927656477956,0.65663640755,-0.123608231126,600,24.7683755405,24.4749845584,50.7566399012
f016_s026_m012_b0p00025,16,26,12,0.00025,SPY,2024,6516,6516,-0.0306100763241,-0.0832281208984,0.0912624409521,-0.91162464884,-0.130124999478,558,20.5647636587,20.2731737262,59.1620626151
f016_s026_m012_b0p00025,16,26,12,0.00025,SPY,2025,6464,6464,-0.139340077215,-0.186551419886,0.157751304706,-1.24760451355,-0.218191206224,564,22.8496287129,24.2419554455,52.9084158416
f016_s026_m012_b0p00050,16,26,12,0.0005,SPY,2020,6554,6517,0.190335238575,0.139985199571,0.282332969222,0.606662233743,-0.160685732378,432,19.1345711217,18.4440693571,62.4213595213
f016_s026_m012_b0p00050,16,26,12,0.0005,SPY,2021,6540,6540,0.14238661673,0.110619328306,0.0701342929672,1.53375540313,-0.0384676996462,282,9.80122324159,9.17431192661,81.0244648318
f016_s026_m012_b0p00050,16,26,12,0.0005,SPY,2022,6514,6514,-0.123917259872,-0.172288784097,0.161050024825,-1.10026184663,-0.294833515968,568,21.6456862143,21.2158428001,57.1384709856
f016_s026_m012_b0p00050,16,26,12,0.0005,SPY,2023,6476,6476,0.0686283383084,0.0372548608119,0.0669483670957,0.586244719346,-0.0501987903395,298,10.4539839407,9.52748610253,80.0185299568
f016_s026_m012_b0p00050,16,26,12,0.0005,SPY,2024,6516,6516,0.0182553099738,-0.00708195656738,0.0635036858232,-0.0805510228633,-0.0629833599982,252,8.90116635973,6.92142418662,84.1774094537
f016_s026_m012_b0p00050,16,26,12,0.0005,SPY,2025,6464,6464,-0.0905890499358,-0.120298344887,0.133692139359,-0.904755624569,-0.165665260199,332,11.2933168317,10.922029703,77.7846534653
f016_s026_m012_b0p00100,16,26,12,0.001,SPY,2020,6554,6517,-0.325149792094,-0.341961661803,0.228278863024,-1.71547851972,-0.381542760108,252,8.37808807734,8.2092987571,83.4126131656
f016_s026_m012_b0p00100,16,26,12,0.001,SPY,2021,6540,6540,0.0266148748491,0.0170086510461,0.0400217232396,0.442196935654,-0.0185458526403,94,2.81345565749,2.32415902141,94.8623853211
f016_s026_m012_b0p00100,16,26,12,0.001,SPY,2022,6514,6514,-0.00362795316743,-0.0307496483687,0.0946976863929,-0.284306869052,-0.0905318647352,276,7.99815781394,7.10776788456,84.8940743015
f016_s026_m012_b0p00100,16,26,12,0.001,SPY,2023,6476,6476,-0.0232260320533,-0.0310105932099,0.0284851633551,-1.10461785772,-0.0378096301566,80,1.43607164917,1.57504632489,96.9888820259
f016_s026_m012_b0p00100,16,26,12,0.001,SPY,2024,6516,6516,-0.0112220288169,-0.0175306233023,0.0307957504007,-0.562072569361,-0.0357930095924,64,1.45794966237,1.59607120933,96.9459791283
f016_s026_m012_b0p00100,16,26,12,0.001,SPY,2025,6464,6464,0.0320928991355,0.0210131582954,0.102666744474,0.256589679114,-0.0572443486881,108,3.40346534653,2.8620049505,93.734529703
f016_s032_m006_b0p00000,16,32,6,0,SPY,2020,6554,6517,-0.0103119365026,-0.104246323211,0.329360400536,-0.168145193164,-0.311437429306,997,48.8568359675,51.1431640325,0
f016_s032_m006_b0p00000,16,32,6,0,SPY,2021,6540,6540,0.166386389972,0.0566513565327,0.126895866584,0.498498137619,-0.0946987212018,988,47.7064220183,52.2935779817,0
f016_s032_m006_b0p00000,16,32,6,0,SPY,2022,6514,6514,0.105475983163,0.00630185565446,0.226908555321,0.141376889047,-0.298837244141,940,48.5416027019,51.4583972981,0
f016_s032_m006_b0p00000,16,32,6,0,SPY,2023,6476,6476,-0.0133225010053,-0.106873902562,0.12879498498,-0.823456528593,-0.239741780731,996,49.7992588017,50.2007411983,0
f016_s032_m006_b0p00000,16,32,6,0,SPY,2024,6516,6516,-0.118675432338,-0.20414533617,0.12373613735,-1.79350931966,-0.2258586095,1020,48.2197667281,51.7802332719,0
f016_s032_m006_b0p00000,16,32,6,0,SPY,2025,6464,6464,-0.192183266071,-0.26687987521,0.194066666876,-1.52423875257,-0.284973077643,970,48.2827970297,51.7172029703,0
f016_s032_m006_b0p00025,16,32,6,0.00025,SPY,2020,6554,6517,-0.00144469919323,-0.0675725307234,0.283107672536,-0.10348096198,-0.339586205753,685,24.4897959184,24.8120300752,50.6981740064
f016_s032_m006_b0p00025,16,32,6,0.00025,SPY,2021,6540,6540,0.204760793146,0.144745939648,0.0852274727129,1.6316657522,-0.0499597254799,511,16.0244648318,15.0611620795,68.9143730887
f016_s032_m006_b0p00025,16,32,6,0.00025,SPY,2022,6514,6514,0.00311678658907,-0.0769671141709,0.182793221665,-0.349196669221,-0.260083962594,832,28.3082591342,30.1657967455,41.5259441204
f016_s032_m006_b0p00025,16,32,6,0.00025,SPY,2023,6476,6476,0.104707072411,0.0353898337736,0.0848343467379,0.45717192975,-0.100571467526,648,18.9005558987,18.3755404571,62.7239036442
f016_s032_m006_b0p00025,16,32,6,0.00025,SPY,2024,6516,6516,-0.0350275299859,-0.0844803318007,0.0814543123253,-1.04864789652,-0.126699170076,526,15.3007980356,13.8275015347,70.8717004297
f016_s032_m006_b0p00025,16,32,6,0.00025,SPY,2025,6464,6464,-0.186179391334,-0.23527408954,0.150034636474,-1.73692829986,-0.256666251296,622,17.8991336634,18.3477722772,63.7530940594
f016_s032_m006_b0p00050,16,32,6,0.0005,SPY,2020,6554,6517,-0.212942241402,-0.248188933621,0.253737183459,-0.994606623749,-0.391525268841,458,14.454503606,13.3036673316,72.2418290625
f016_s032_m006_b0p00050,16,32,6,0.0005,SPY,2021,6540,6540,0.120446605726,0.093874723041,0.0602816369209,1.52131403806,-0.0344454959017,240,6.37614678899,5.58103975535,88.0428134557
f016_s032_m006_b0p00050,16,32,6,0.0005,SPY,2022,6514,6514,-0.0858182194943,-0.136641381696,0.132197463219,-1.05172414186,-0.210875004718,572,16.0884249309,14.6760822843,69.2354927848
f016_s032_m006_b0p00050,16,32,6,0.0005,SPY,2023,6476,6476,-0.00958727631921,-0.0352007739876,0.0549986672066,-0.631691153686,-0.0489032496166,262,5.77516985794,5.82149474985,88.4033353922
f016_s032_m006_b0p00050,16,32,6,0.0005,SPY,2024,6516,6516,0.0126940206952,-0.00556810122986,0.0579904654036,-0.0675442831788,-0.0641440799526,182,5.11049723757,4.00552486188,90.8839779006
f016_s032_m006_b0p00050,16,32,6,0.0005,SPY,2025,6464,6464,-0.0944114987496,-0.121014278092,0.124312679541,-0.989409515447,-0.154256546533,298,7.61138613861,6.89975247525,85.4888613861
f016_s032_m006_b0p00100,16,32,6,0.001,SPY,2020,6554,6517,-0.415765760773,-0.428262598378,0.213455443852,-2.50824603707,-0.447938409788,216,5.37056928034,5.12505754181,89.5043731778
f016_s032_m006_b0p00100,16,32,6,0.001,SPY,2021,6540,6540,-0.00946330588551,-0.0159795349558,0.0257232793657,-0.614505556743,-0.0266391490532,66,1.08562691131,1.03975535168,97.874617737
f016_s032_m006_b0p00100,16,32,6,0.001,SPY,2022,6514,6514,0.010349373411,-0.00826546031633,0.0727247227271,-0.0783942930066,-0.0644518070392,186,3.92999692969,4.00675468222,92.0632483881
f016_s032_m006_b0p00100,16,32,6,0.001,SPY,2023,6476,6476,-0.00133378346203,-0.00472420124636,0.0168085864185,-0.276623190427,-0.0162318643003,34,0.44780728845,0.463248919086,99.0889437925
f016_s032_m006_b0p00100,16,32,6,0.001,SPY,2024,6516,6516,0.00343260600544,-0.000173193584485,0.023923234693,0.00467671736873,-0.0237834222069,36,0.659914057704,0.73664825046,98.6034376918
f016_s032_m006_b0p00100,16,32,6,0.001,SPY,2025,6464,6464,-0.0288926565799,-0.0366299515396,0.0896523384833,-0.377091017398,-0.0958720133877,80,1.84096534653,1.67079207921,96.4882425743
f016_s032_m009_b0p00000,16,32,9,0,SPY,2020,6554,6514,-0.0230960828691,-0.101194798913,0.329353127549,-0.157808469356,-0.265362120233,833,48.6797666564,51.3202333436,0
f016_s032_m009_b0p00000,16,32,9,0,SPY,2021,6540,6540,0.17221323171,0.0760452013906,0.126859503829,0.642226668389,-0.0984030275207,856,47.8899082569,52.1100917431,0
f016_s032_m009_b0p00000,16,32,9,0,SPY,2022,6514,6514,0.283113722205,0.184000249547,0.226883277411,0.862298590005,-0.219980686127,804,48.3573840958,51.6426159042,0
f016_s032_m009_b0p00000,16,32,9,0,SPY,2023,6476,6476,-0.0289524894359,-0.106843420636,0.12878025131,-0.823292105516,-0.256238581804,836,49.9073502162,50.0926497838,0
f016_s032_m009_b0p00000,16,32,9,0,SPY,2024,6516,6516,-0.10018426199,-0.175992978036,0.123757846098,-1.51075074424,-0.23903807923,880,47.9281767956,52.0718232044,0
f016_s032_m009_b0p00000,16,32,9,0,SPY,2025,6464,6464,-0.131273135394,-0.199191946476,0.193990096913,-1.06352278289,-0.234372951007,814,47.8805693069,52.1194306931,0
f016_s032_m009_b0p00025,16,32,9,0.00025,SPY,2020,6554,6514,0.18200508377,0.104618256774,0.302138048192,0.481777821927,-0.181865605865,677,30.3807184526,31.455326988,38.1639545594
f016_s032_m009_b0p00025,16,32,9,0.00025,SPY,2021,6540,6540,0.208560988022,0.139202251439,0.0962856231499,1.40418139139,-0.0587516514069,591,22.4923547401,22.7828746177,54.7247706422
f016_s032_m009_b0p00025,16,32,9,0.00025,SPY,2022,6514,6514,-0.00542961827331,-0.0798751934823,0.198883989719,-0.321447784305,-0.286335904649,778,34.7252072459,37.120049125,28.1547436291
f016_s032_m009_b0p00025,16,32,9,0.00025,SPY,2023,6476,6476,0.112950468798,0.0440529665496,0.0982225879257,0.493158108334,-0.152001007899,639,26.5750463249,26.2044471896,47.2205064855
f016_s032_m009_b0p00025,16,32,9,0.00025,SPY,2024,6516,6516,0.0141202354485,-0.0467569478794,0.0944986235113,-0.462130848504,-0.128331156078,619,22.1915285451,22.3910374463,55.4174340086
f016_s032_m009_b0p00025,16,32,9,0.00025,SPY,2025,6464,6464,-0.0664767612093,-0.123485751707,0.159967000244,-0.755011208735,-0.209157777443,630,24.3038366337,26.036509901,49.6596534653
f016_s032_m009_b0p00050,16,32,9,0.0005,SPY,2020,6554,6514,0.132254898309,0.0796094596899,0.282656965575,0.413876805474,-0.197541175637,476,20.3101013202,19.849554805,59.8403438747
f016_s032_m009_b0p00050,16,32,9,0.0005,SPY,2021,6540,6540,0.148050213589,0.110341540674,0.0738006511058,1.45774298196,-0.0439000585368,334,11.3608562691,10.6116207951,78.0275229358
f016_s032_m009_b0p00050,16,32,9,0.0005,SPY,2022,6514,6514,-0.132548032702,-0.187791088307,0.167395573212,-1.16592644984,-0.319937069716,658,23.5032238256,23.4111145226,53.0856616518
f016_s032_m009_b0p00050,16,32,9,0.0005,SPY,2023,6476,6476,0.108062028161,0.0676034103541,0.071275007352,0.964206507734,-0.0467017211933,372,12.13712168,11.5812229771,76.2816553428
f016_s032_m009_b0p00050,16,32,9,0.0005,SPY,2024,6516,6516,-0.0152847208526,-0.0459180037039,0.066346588395,-0.678997903513,-0.100802161283,316,10.0982197667,8.5328422345,81.3689379988
f016_s032_m009_b0p00050,16,32,9,0.0005,SPY,2025,6464,6464,-0.112364412634,-0.147524508775,0.136746250665,-1.11456505421,-0.177904871846,404,12.6856435644,12.7784653465,74.5358910891
f016_s032_m009_b0p00100,16,32,9,0.001,SPY,2020,6554,6514,-0.30625233426,-0.326234586546,0.232915380493,-1.57540490156,-0.38065725839,292,9.50260976359,9.10346945041,81.393920786
f016_s032_m009_b0p00100,16,32,9,0.001,SPY,2021,6540,6540,0.0566826513017,0.0451244140667,0.0436924608902,1.03384639786,-0.0191857764677,110,3.40978593272,2.93577981651,93.6544342508
f016_s032_m009_b0p00100,16,32,9,0.001,SPY,2022,6514,6514,-0.00567433874201,-0.038335050726,0.105913145269,-0.318171987845,-0.135767454642,334,10.0552655818,9.05741479889,80.8873196193
f016_s032_m009_b0p00100,16,32,9,0.001,SPY,2023,6476,6476,-0.0307654034565,-0.0415621012244,0.0334283216377,-1.26806971211,-0.0512313130395,112,2.10006176652,2.5169857937,95.3829524398
f016_s032_m009_b0p00100,16,32,9,0.001,SPY,2024,6516,6516,-0.0461356246305,-0.0548737381118,0.0488250826606,-1.13754804178,-0.0687165380374,92,2.14855739718,2.05647636587,95.794966237
f016_s032_m009_b0p00100,16,32,9,0.001,SPY,2025,6464,6464,-0.0209706643776,-0.0351630415182,0.110692134528,-0.272339468879,-0.0990798190307,146,4.28527227723,3.51175742574,92.202970297
f016_s032_m012_b0p00000,16,32,12,0,SPY,2020,6554,6511,0.0295942281719,-0.0466536897814,0.329411412656,0.0211467077174,-0.245204212015,769,48.8250652742,51.1749347258,0
f016_s032_m012_b0p00000,16,32,12,0,SPY,2021,6540,6540,0.159733950373,0.076153706718,0.126829194581,0.643117844865,-0.11556645099,748,48.0428134557,51.9571865443,0
f016_s032_m012_b0p00000,16,32,12,0,SPY,2022,6514,6514,0.333754628935,0.246579700289,0.226891106064,1.09059619043,-0.169718718117,676,47.8968375806,52.1031624194,0
f016_s032_m012_b0p00000,16,32,12,0,SPY,2023,6476,6476,0.06740201049,-0.0103219108781,0.128706604552,-0.0172102137168,-0.218081431523,756,50.0926497838,49.9073502162,0
f016_s032_m012_b0p00000,16,32,12,0,SPY,2024,6516,6516,-0.0353461049559,-0.109168149703,0.123794080568,-0.876923581025,-0.225841967376,796,47.8667894414,52.1332105586,0
f016_s032_m012_b0p00000,16,32,12,0,SPY,2025,6464,6464,-0.210081245592,-0.264237302637,0.194052201564,-1.50560624207,-0.2886124062,710,47.5402227723,52.4597772277,0
f016_s032_m012_b0p00025,16,32,12,0.00025,SPY,2020,6554,6511,0.188070127416,0.112503073482,0.312265980566,0.498956326904,-0.185256700529,657,33.6353862694,35.2787590232,31.0858547074
f016_s032_m012_b0p00025,16,32,12,0.00025,SPY,2021,6540,6540,0.147119143957,0.077832429472,0.101940329926,0.787560622515,-0.0744210287137,623,26.5290519878,28.7614678899,44.7094801223
f016_s032_m012_b0p00025,16,32,12,0.00025,SPY,2022,6514,6514,0.0560604212787,-0.0153327627039,0.20603787418,0.0277006399459,-0.271552230265,700,37.27356463,40.2978200798,22.4286152901
f016_s032_m012_b0p00025,16,32,12,0.00025,SPY,2023,6476,6476,0.0838639644571,0.019007084377,0.104497158905,0.234549673532,-0.143304292025,617,30.219271155,30.6670784435,39.1136504015
f016_s032_m012_b0p00025,16,32,12,0.00025,SPY,2024,6516,6516,-0.018522538005,-0.0767016995457,0.101235177808,-0.741889901487,-0.170984510036,611,26.197053407,28.7446286065,45.0583179865
f016_s032_m012_b0p00025,16,32,12,0.00025,SPY,2025,6464,6464,-0.132601569892,-0.187529348111,0.163695557597,-1.20391951555,-0.216502730577,654,28.125,31.2190594059,40.6559405941
f016_s032_m012_b0p00050,16,32,12,0.0005,SPY,2020,6554,6511,0.241807603327,0.182179523208,0.291269544278,0.721587426458,-0.159063285622,492,24.0976808478,23.7905083705,52.1118107818
f016_s032_m012_b0p00050,16,32,12,0.0005,SPY,2021,6540,6540,0.221507969027,0.178319973766,0.0806713017112,2.07811789755,-0.0320741418606,360,15.0611620795,14.4495412844,70.4892966361
f016_s032_m012_b0p00050,16,32,12,0.0005,SPY,2022,6514,6514,-0.00416983616596,-0.0653459058262,0.181665782398,-0.283229466699,-0.259603566743,634,28.0626343261,29.4442738717,42.4930918023
f016_s032_m012_b0p00050,16,32,12,0.0005,SPY,2023,6476,6476,0.124411792725,0.0751501072113,0.0799153976842,0.957301253409,-0.0729501200106,448,17.0938851143,16.7387276096,66.1673872761
f016_s032_m012_b0p00050,16,32,12,0.0005,SPY,2024,6516,6516,0.0161168526459,-0.0204021154628,0.072139851403,-0.251050828459,-0.0943484510377,366,14.1804788214,12.9373848987,72.8821362799
f016_s032_m012_b0p00050,16,32,12,0.0005,SPY,2025,6464,6464,-0.065792560044,-0.106196645989,0.144616351821,-0.714458554988,-0.153423729703,442,16.3985148515,17.2957920792,66.3056930693
f016_s032_m012_b0p00100,16,32,12,0.001,SPY,2020,6554,6511,-0.141848429351,-0.169882812547,0.252953912561,-0.606928935431,-0.31668521104,332,13.2084165259,12.4865612041,74.30502227
f016_s032_m012_b0p00100,16,32,12,0.001,SPY,2021,6540,6540,0.070510945143,0.0545742537651,0.0548395062046,0.998143065956,-0.0363528617609,150,5.48929663609,4.80122324159,89.7094801223
f016_s032_m012_b0p00100,16,32,12,0.001,SPY,2022,6514,6514,-0.144404471267,-0.180580581252,0.120305297407,-1.6048346918,-0.241569578619,432,14.8295977894,13.7396377034,71.4307645072
f016_s032_m012_b0p00100,16,32,12,0.001,SPY,2023,6476,6476,-0.0364590101764,-0.0528932663737,0.0495801444841,-1.08411776475,-0.0604196587752,172,4.60160592959,4.63248919086,90.7659048796
f016_s032_m012_b0p00100,16,32,12,0.001,SPY,2024,6516,6516,-0.0152249191021,-0.0275523359711,0.052447653366,-0.509132465952,-0.0571448191009,126,4.00552486188,3.46838551258,92.5260896255
f016_s032_m012_b0p00100,16,32,12,0.001,SPY,2025,6464,6464,-0.0399567669695,-0.0572757364098,0.119292914512,-0.441401290424,-0.111664063269,182,6.59034653465,5.80136138614,87.6082920792
